sigma_short,term_log_ratio,rho,eta
0.27765302989813534,0.06729539132368079,-0.6809348597870873,0.8617230433497249
0.3133596679938645,-0.48387425416748514,-0.7372472593969385,0.4372419359645784
0.25236282085564576,-0.5446646799532255,-0.329449418880292,0.8753589118845068
0.5240145771399461,-0.46071047482132965,-0.4451201238584451,1.105237045046339
0.47213109645482676,-0.00011136135762290778,-0.7742161625780879,0.7426362354452845
0.3236965846028953,-0.27603304668574796,-0.4865181054720939,0.8268377467787678
0.4872861441493176,0.10372259309730991,-0.7531572217009967,0.44512487266311246
0.2779495319213156,-0.5328335220266536,-0.3784186508022408,1.0667044554341918
0.5083432577215969,-0.09433941802482665,-0.7447639752084195,0.3026976929120483
0.3487584221424733,-0.20911010067971747,-0.06310744702852755,0.6087703224015527
0.36230390566650794,-0.19906449298512685,-0.5690740712871615,0.7928771117674155
0.39086534388556965,0.16884580710917585,-0.6073781010802659,1.1094778275448767
0.21898789003127495,-0.3133703376198739,-0.05757731296491908,0.28298431220505305
0.5981269801390645,0.0013111460275683218,-0.6500444502384065,1.1819683874049691
0.4262117086428714,0.10182920086477032,-0.8759796647881176,0.3914892341446397
0.1943360050213817,-0.36374439252487006,-0.7797788891045042,0.2857322170320594
0.47456450054086186,-0.19747552657382306,-0.41621169960504045,0.9463493598586253
0.3981097756551344,0.05802702090992784,-0.14598747252070687,0.34309054551955276
0.3380426665742292,-0.2936873880269362,-0.7366493244308425,0.9028667863517592
0.6043951878651227,0.04628158872268451,-0.2443810451385825,0.7829852266454742
0.2071521936873906,-0.15852653802291328,-0.2680347810967375,0.34611620204411686
0.3414337501389598,0.14972342055940002,-0.33732312281926136,0.7594533150420146
0.2688570267809135,0.20876948046124777,-0.4453372080839473,0.9642236226425607
0.2721020019420817,0.2710977998871722,-0.3244677227216817,1.0128596156464562
0.6124076807937467,-0.4780519456389048,-0.47349678515850246,0.350239398876636
0.37101474700677295,-0.4010871768827837,-0.45837983916518726,1.0758736286974677
0.6035858310639269,-0.27970163952577237,-0.6485254636298201,0.6123617881481923
0.3328914905495195,-0.03921925511622981,-0.09909198992123525,0.8099288597872403
0.29635761679406186,-0.47694402120092905,-0.707029160755432,0.39956250849137065
0.4057654783123741,-0.364971799753776,-0.2509724231393837,0.5441527508117151
0.2561301180952801,-0.42311609646310844,-0.5918474958250372,0.6034211620617165
0.5063693899037109,-0.19453858561324505,-0.8030303527905635,0.2878950857354757
0.3750274741364298,-0.28812913723655653,-0.7217153807285759,0.8415334307264031
0.35339938595236586,-0.22117719201848046,-0.8680298814961434,0.3695592087744848
0.24117702733067475,-0.1851420292554804,-0.8586454223912079,0.930249420123689
0.20831328558970166,-0.445007459061429,-0.12595838740152032,0.9938894088327612
0.5556612318867098,0.09624648508449618,-0.13510382955615086,0.9638966576016115
0.2301749080752581,-0.17112685079528867,-0.6736032915175718,1.052203849236354
0.5871010940900858,-0.09353245463927934,-0.06961831376016969,0.48326127449412826
0.1652964783128411,0.34327141221498936,-0.37257418296245737,0.3454501716847788
0.16491105536450246,-0.11701559630992414,-0.5805036786547398,0.28984761052651636
0.22615886967766963,-0.45437865441330566,-0.8988449922909041,0.3078361078499467
0.18674158427700585,-0.4615666355006068,-0.7655997765892241,0.3829879236734571
0.46344079630143464,0.1459906654335147,-0.8446072105041796,1.0865423941942018
0.4061149319086875,-0.2623436820610862,-0.08999758717335182,0.33063942454544815
0.5714858377927654,0.3299411914119763,-0.4201758900044002,1.179295760347269
0.6160858929939808,-0.36627446389217144,-0.5784812672844092,0.5360646332257621
0.2426812606679866,0.3172605555547273,-0.8908156130448648,0.6942488723083582
0.16772066934823332,-0.4428457818359812,-0.7777880147551749,0.7528261631419185
0.4444412748528864,-0.3922534336058032,-0.46122201027717274,0.8778882270900803
0.2147981714177056,-0.49593351384162243,-0.7737095887327056,0.4893172383523284
0.5155032001068983,-0.007189765415929306,-0.8099385953818177,0.2524939067572829
0.18141111584943842,-0.24539441410094004,-0.7322298240162193,0.9888543564113585
0.419082333735331,0.30151855287513507,-0.14007761166601906,0.8134458416568452
0.4872985671387031,-0.45573363136298806,-0.6725216915710068,1.003271149477705
0.35282498496973275,0.2057445314439098,-0.8373376768108676,1.1570821802926066
0.3405801610459776,-0.11238657135644542,-0.5658323628545356,0.9883597808499078
0.5461425840142375,0.16734239929398242,-0.1813041924299772,0.668325899128483
0.5482743637162946,0.26757704378758596,-0.13930689339463564,0.37069049756662864
0.5075958930797738,0.08114061059453948,-0.6944826895326297,0.976595293545553
0.46155353356955064,0.07217480687001421,-0.23099148600874975,0.6433139708650146
0.3668663204514358,-0.5253567661379535,-0.40954885904214744,0.7878315279798614
0.5695284447298096,-0.14662722014067753,-0.6992412597999911,0.6865528170479154
0.4034942443709597,-0.05521235530039448,-0.4328864893451176,1.1435443059971586
0.5397245453656394,0.19145152681732147,-0.4856245363205401,0.5694936305197811
0.24897860629522567,-0.3712630418645494,-0.40518643860732656,0.40113255717312446
0.39807679523111184,0.10161296955198029,-0.12336754626883184,0.43746184060310195
0.4393583330240918,0.019878464468966905,-0.7399314677780632,0.8618159547082055
0.3073953650182586,0.05287134301615559,-0.5425838667812023,0.336341724955089
0.3753878968951805,-0.3473727189308495,-0.6556495127867203,0.6599507564997126
0.43763433292995135,-0.22301076963493954,-0.48720939336206914,0.6739794076090594
0.5543662359095333,-0.24631298211722719,-0.8489196958090485,0.5745972501501607
0.439535086916222,-0.19053732845973342,-0.7884321798074521,0.5266682334853344
0.4391534824401584,-0.02281579273316592,-0.12239730577178576,0.9822752628746636
0.3227652639623042,0.18015364671449074,-0.41255391278884623,1.1215358371177941
0.31184586404863335,0.29711326544708494,-0.1454962641657651,0.9965194498319299
0.17975027021329804,-0.21692958300086018,-0.3434856950155649,0.8169244496167805
0.3357296050041413,-0.30535161356158985,-0.08632415947484062,0.2598724706328891
0.6017447092809048,-0.37656078319791797,-0.06655634395919341,0.6768567076455865
0.31911481110039563,0.02151879126745526,-0.8230210024171575,0.6985383415385285
0.5596146949243601,-0.22429049004388762,-0.5008503783051751,0.6259729722662764
0.5444613190268697,0.3237692070959982,-0.5381272995501278,0.2881154420142603
0.3677154383632001,0.33422794708843273,-0.5826180034026005,0.9146102061119696
0.20984317863781535,-0.005246103485812004,-0.5356284282977032,0.4544745105099678
0.21653975367443967,-0.21340899986561118,-0.22458252058243433,0.6760251965151995
0.3201947202548096,-0.23684184563702454,-0.8372039991907352,0.9328572361376155
0.5594536635467273,0.3088075652753335,-0.5701606933984431,0.3742329882798775
0.22091576499465754,-0.06846803907719118,-0.5812672279072146,0.6234159048118919
0.4390311328589739,-0.2198156605891013,-0.8841649752430324,0.7227178174474815
0.2728059539876712,-0.3260229093193194,-0.8136391934947184,1.1045196804754003
0.3579041174478872,0.12701002965404984,-0.2940849316170844,0.9785541919823695
0.24121963349310874,0.22894081608775962,-0.31837300756217735,1.1719466195209916
0.2452816125247031,0.2886712814589787,-0.6084874600260956,1.1678209450482147
0.17564758579290513,-0.5412737992054686,-0.8194087557983933,0.30607237371055984
0.30635756845701534,-0.2984399097339893,-0.4230736622012919,1.0032819424030786
0.5718695830160258,-0.5054990790153596,-0.33114116494829693,1.1304590743423857
0.41587124918395835,0.043905636575759854,-0.5947254284174557,0.6269709017167757
0.5350899591430819,0.2359981171812816,-0.6991089519860003,0.9492801032655716
0.5721674468103635,-0.0676440528297314,-0.6170960949935371,1.0375292781276793
0.21081585804169023,-0.143191392381748,-0.059384840542445194,0.8931531701089999
0.21450060959198672,-0.4874934465793759,-0.427569397904043,0.8998111795160089
0.5721818667374018,-0.3018929654394603,-0.4131507567937291,0.8202571783017509
0.5404113459925721,-0.14141668217651715,-0.2593863871828963,0.8381969513976231
0.30690151826173784,-0.016648850846516572,-0.4711625208178668,0.31243305361121787
0.4694001296492044,-0.4704685858185318,-0.5519079611735627,0.6714360707690997
0.4261237263762424,-0.24416031984843184,-0.7446114702614541,1.0196270332161441
0.548251928074321,0.0899318801035911,-0.08893233471573658,1.1371831310573035
0.5821719501470428,0.1663567836961437,-0.4817926256371556,1.1097776862062685
0.31584031751619396,0.10450145928923438,-0.7242754225885522,0.5782759979573853
0.3702136517391995,0.267099989605724,-0.7983591632586353,1.0138600084162095
0.24805885905649883,-0.526773043183742,-0.7158834894172523,0.4475904874247866
0.6188654223201863,0.043466002886582755,-0.2942381099837531,1.106729226302796
0.3910990736328531,0.24394381249886976,-0.4573941584656603,0.40725375004581116
0.196080879192138,-0.4334082415607662,-0.8754483878894063,0.694756587178579
0.21784322535804995,0.20202119110929662,-0.10744396512970356,0.5491503061647864
0.6050308842440789,-0.297370268252097,-0.30767600724124067,0.6338025530427733
0.6101209034255392,-0.13421786277417286,-0.5122374862266085,1.0089644141595746
0.16688851818693337,0.07055761600956267,-0.6786656116922951,0.8878139834420701
0.30875821991578206,-0.3253858719262058,-0.6644037853963638,0.7436495875377562
0.6036565169793306,-0.3840324769841794,-0.4807950989403689,0.34575582771452956
0.16420511707703825,-0.32051106318013645,-0.6189057115588161,0.7979773093764877
0.5966416391531942,-0.26575385414683006,-0.6961206772270684,0.69971364924503
0.6187785539752748,-0.34262331143991503,-0.870953452267568,0.26944857500036423
0.19217828619492114,-0.313399506218316,-0.7853193821014346,0.282856351735762
0.185570164453656,-0.04062470496569537,-0.7031301627466795,0.7411256882321262
0.3977557352564842,-0.25415194233588456,-0.8555621972635987,0.8922801833578287
0.1976099322751119,0.05650485475040823,-0.5234681596998907,1.0801667707914306
0.5291325388869915,-0.09840958994371046,-0.11280415621369178,0.7856897109228298
0.47817222380406643,0.32570685929975063,-0.8307046789169732,0.391275133079661
0.2825780654902913,-0.17629022003826955,-0.26140239190239234,1.0443567507258575
0.4392608638945291,-0.4301632212505887,-0.6947916730065633,0.33955250691818845
0.2859846326681948,-0.06574653792566687,-0.6910099550008537,0.7521718403997634
0.5027379378592466,0.024023078315701496,-0.6215094203055723,0.34304851139634096
0.36889395016924276,-0.5222514873088708,-0.09148741663024806,0.6822187051785913
0.6040731752120708,0.3127487720607327,-0.33078645953191876,0.7079169712801305
0.2189166211495907,-0.10496896722191734,-0.33498842745790713,0.3983187042112202
0.4826747774543667,0.18310780453908915,-0.7571518094584648,0.8655821740963556
0.5087096196862334,0.28551803954371713,-0.5499335998702515,1.0581838941196282
0.4531264348068542,-0.2753562121127027,-0.7671745649523154,1.0630997811423528
0.3710165063861492,-0.21836653279131646,-0.44875821067934407,0.5625991880849504
0.41254694510924383,-0.4312781342429291,-0.8718769316477286,1.0966596915429794
0.3932446609171617,-0.49248788525065007,-0.5139181845166365,0.4203134071376391
0.3093467065748689,0.18096506307052962,-0.21660665458296957,0.7445488555184745
0.5091258485129837,-0.0926000992350256,-0.5835399178964202,0.6107959563823542
0.4197861753762403,-0.12547239439813807,-0.2615720285858357,0.41375554433369904
0.5200268192896127,0.10320827905595975,-0.7397520480032564,0.4760568599664723
0.27719894034115,-0.045353134747740054,-0.3464946714287468,0.47444581179497003
0.33277335237636174,-0.5448048692202125,-0.7000652524363548,0.5116956406312579
0.5631624435173599,-0.00031164161151908676,-0.32406538798859563,0.6426449976360886
0.5093741519915034,-0.20028828164463597,-0.20736814919814084,1.0625877879518724
0.5914666195004706,0.3475620804051005,-0.4514984390197464,0.7913232674341275
0.5456182800900604,-0.2387125004053936,-0.35905380376763085,0.7570442576835259
0.46414251278286645,0.16344267292913672,-0.22508114965025194,1.0201926200691842
0.4375804925053982,0.15631045530371346,-0.8729479486797689,1.0726393827758223
0.42196428660835905,0.2062875895545726,-0.5112256535676101,0.8793529169024206
0.3037308809484428,-0.043354973311303446,-0.5861527486146871,0.5629305251032471
0.33664781131593857,0.13271908702834545,-0.1014455241775355,0.9176818913528212
0.31427960005314515,-0.5419007865683807,-0.7002472162089501,0.8979812659470778
0.5907407873208501,-0.46711458475481316,-0.5597766835387102,0.824625522425077
0.2129162143119249,0.04834177887189128,-0.49619029765456824,0.45270122840892724
0.3832924899531177,-0.20144016282692795,-0.5291977399576683,0.42998241445764573
0.2468833028456835,-0.06949434791322506,-0.5127755251838036,0.37967154264346825
0.26084235160974245,-0.2429565463463252,-0.1717590280302852,0.35932872396756715
0.29805823156127487,0.2715224172630252,-0.4066711274550527,0.7248245019531252
0.23829413463149596,0.1972214106061757,-0.7904203128430537,0.3595110058999943
0.564429632132844,-0.3321577892029952,-0.8470556410161476,0.296138878530934
0.27024341226346643,-0.21321053138517937,-0.8859005514521846,0.47204731767104535
0.6174349620170649,-0.16248004658698006,-0.807459756910844,0.6448126057175579
0.5116872960213096,0.04247868459284698,-0.29339928738694687,0.5465506727393619
0.5730277700691975,-0.3752951355882607,-0.27198933134950865,0.2851979437560585
0.42043072369404566,0.11747397094509149,-0.3157726546281394,0.9520000975111296
0.21479165866284955,0.048213795298326034,-0.30119547173598693,0.2850166088299314
0.34573083847457925,0.2990599436628366,-0.708823585890036,0.6484786433288137
0.32026025846302,0.04749246140822272,-0.8025198543217481,0.751483549709179
0.40370842181232036,-0.36895264921442705,-0.35465506251422363,0.4744607643898116
0.30771506994789355,0.04339944384861327,-0.3965805064377502,1.1496276370938991
0.18768678892253157,-0.4679628624216305,-0.2266165945284273,0.5073013466946057
0.5537530386520214,0.06417968855789258,-0.535428042994545,0.7044702569767503
0.40440336560292006,-0.057168883821124616,-0.6947191640998693,0.5586000622364877
0.1828938636172341,-0.14478974403146905,-0.7381386603240803,0.39377503513436024
0.5652741043869377,-0.42490790792604105,-0.6329947093919838,0.5950916793893133
0.3163139060932739,0.1731574869777014,-0.8175894834451806,0.7297229140582941
0.5045994573503392,-0.3310773089764587,-0.1691507953037894,0.5686718966409003
0.4870678770656628,0.06388535949786156,-0.5806760159297997,0.3272336360893979
0.5986945352606388,0.14279294846097124,-0.6713996057793123,0.8521429229641522
0.5466921059732033,0.34852777995944695,-0.31747514839542956,1.1322241181436266
0.18629178495970675,0.2081199371355198,-0.20073546992085411,0.7334245788901004
0.38218988743489124,-0.30228713215263814,-0.5424426826544462,1.1437204450138183
0.41027511775767067,-0.42533276002867265,-0.14737794101707224,0.9591057922490376
0.2780413345487712,-0.47488399389297187,-0.8327038559565634,0.2956137799435967
0.541987746551069,0.010436428123551278,-0.4948854774825388,0.8172341153886776
0.5097510626779053,0.08700733612045453,-0.13546755361018192,1.08679255919952
0.48629310094861,0.22553848324513603,-0.8842332205116806,0.3718229290164232
0.23845555260133172,0.10488030473067611,-0.2989828136502659,0.6992579963965677
0.28091546665442757,-0.05202326172609395,-0.1920882086181781,0.9368388155480367
0.3070554422597731,-0.28921410800661435,-0.19220069192889555,0.8694717629073645
0.4232092164594441,-0.22545441447107373,-0.43985954243216424,1.1381947079012813
0.18097001854918635,0.2247090471896126,-0.746684095953369,0.8687157366055078
0.18958706346279602,-0.2632972873864292,-0.8138023147213896,0.5146372265702537
0.5303377183950764,-0.5281481893289972,-0.5694547823604084,1.0154702254306194
0.6140583025205467,-0.4836710515720401,-0.6069076058163482,0.2636795723483413
0.4344864161011396,0.06484781176531274,-0.05750375808411745,0.6418754190546314
0.5648490054236119,0.13375664767743722,-0.5148715018072076,0.9410440834401562
0.5963735083643434,-0.4443516924368545,-0.7980389529918874,1.0975303685710474
0.19351815820065182,0.29426292302395574,-0.734875700875099,0.29768793338250393
0.5751331421329802,-0.39645906968995626,-0.3590507569813791,0.5280224902144631
0.576513618563645,0.11128785624633497,-0.8843692681937783,0.8768727781883614
0.3099729883400534,-0.43841375852006037,-0.6026517240047691,0.981364441480115
0.37341197826376976,-0.3522002096624195,-0.25624363582952203,1.1240818659948708
0.38440966907313834,-0.037987579473241384,-0.4386805404250176,0.8580580972224092
0.39961282672489234,-0.022648461799132602,-0.1506970005054601,0.4637780247768048
0.5222901749808684,-0.17785155290874616,-0.4564709913000707,1.17428142171998
0.18661779130947376,0.3496023763116116,-0.26892944130421104,1.0714221834558848
0.2302369363928889,-0.4667423080397345,-0.21353050856608147,0.34818188105821335
0.17344503763714475,-0.37720058517322846,-0.5334118974855973,0.5960494425365211
0.18559685292458744,0.18724809436496526,-0.854977541840132,0.7465175591771978
0.6107152806188496,-0.5041826731224475,-0.7955490327653769,1.163077726966669
0.3678527429992775,-0.5075433927003943,-0.6248101252598248,0.697493977404833
0.3640315083532232,-0.1440530088716065,-0.6912112619262273,0.8319658403257346
0.5665192293906595,0.22843396518792658,-0.18869843142089737,1.1184476872078617
0.2390082831690899,0.18886303732837506,-0.5309025249853591,0.27928845279115855
0.4082495254049255,-0.40175048178757067,-0.6800912794881059,0.9698010056984635
0.3496706053008374,0.02006067752213403,-0.7560013355883336,1.085007987467782
0.5805274985373255,-0.5226416847312081,-0.23751383003018767,0.37471720830205657
0.2665579194627711,-0.28720249477953236,-0.6670285784266693,0.32390598811560134
0.47082951699730924,-0.5136848605274743,-0.7930122806786263,0.46512460292042157
0.5702448742824454,-0.16573804404803388,-0.4298878669514456,0.6014033150954016
0.26082375664480606,-0.14931921144548443,-0.765950503792311,0.32309403736875303
0.22145169195821213,-0.23040885977642678,-0.5470005007332108,0.38397909184494733
0.5719846540138034,0.2572620314723739,-0.5720745059824548,0.5030293465091533
0.5829070561085222,-0.2383380945276899,-0.36084196239892874,0.6088716262865758
0.44855648012220584,-0.07322362115086212,-0.19712388044342877,0.9593419782905727
0.6033425701517557,0.15766796771711655,-0.8960664065501311,0.36671631912567826
0.21280011400296217,0.2616118587042575,-0.06260911675497594,0.3616410359464979
0.27521214098503644,0.04821044809566655,-0.5285689821500942,0.44933245499494845
0.3920474145217322,-0.4752716433785682,-0.25452127325038854,0.3239369660073498
0.40430125651406384,-0.43466200669889227,-0.6494286562342615,0.5354483398888085
0.2862592142318784,0.12339017517106077,-0.7639267330191715,0.6564632689516872
0.22078158889548016,0.025839927212513936,-0.762396338910246,0.7005453591911787
0.32346878619939656,0.2065698388715378,-0.2568124016770582,0.4785295922134569
0.34687944356719935,0.29417896805320864,-0.07651409230449047,1.1526741811826844
0.24901634924789348,0.0034483046846264243,-0.7030076172417208,0.9641377917736205
0.37303042313356155,-0.4646004309393698,-0.3259041616571935,0.6697909852448891
0.6008781750858824,0.00881495285492262,-0.707732647297592,1.0488027715765016
0.387516699625565,0.012940226702895186,-0.497512568507596,0.7824145073732567
0.2763054959784766,-0.28445912472504004,-0.5240049778684488,0.4687307266208035
0.6095681077329699,-0.18061779338558853,-0.858526027668293,1.097658460645138
0.3270353133224277,-0.4254418446325146,-0.7174276439442191,1.1174708808845657
0.5021597046472099,-0.18961730758090067,-0.2150865661510687,0.5306283885788632
0.3653863533715352,-0.1930410845123272,-0.5347168869808903,1.183919238542227
0.3533771696532282,-0.3934734990326413,-0.10835648745288107,0.8783201517083572
0.34760942025077535,0.09471142342899341,-0.33904446299299185,0.8225910873005873
0.4770020506342125,-0.4391136836531293,-0.7444304269383087,0.4720321655730798
0.5208706030351972,0.01456926138824266,-0.2909094600071309,0.25640684438882755
0.4616703220076507,0.07397302196014055,-0.15308052764495583,0.9314827703242259
0.2107692568019035,0.3308072601310388,-0.15279111822370617,0.4894351903806854
0.29934530241781504,-0.1717372522458232,-0.4791240767486937,0.995814874414595
0.4715449552597941,0.08500552854386834,-0.15627842545623982,1.032582687025271
0.21576448023387884,-0.19054653352855544,-0.8701236603171358,0.7528889189122047
0.2434696599996559,-0.2699365085236536,-0.2863299763915903,0.7826850485834747
0.46554312284821564,0.043569737982886325,-0.2863044558256803,0.7166271853052144
0.3512478155919516,0.2134929086384627,-0.6818275285179456,0.5213218838874678
0.4513730645021269,-0.36417470856465894,-0.6477747717208371,0.35900279434433724
0.21082847350305506,0.20948222227990354,-0.11272223750818278,0.940573225372533
0.39983248369239704,0.07930385664478512,-0.814821679351517,0.7562048198825913
0.19780480625787772,0.3354598726085397,-0.5631256880488531,1.0730555185644943
0.17974783320528293,0.12734461295352428,-0.1094883889095789,0.8915056040884948
0.27085537928203907,-0.5216351484134593,-0.6050763755305126,1.1666236921788657
0.35588118057785084,-0.3457421874027783,-0.7022823740342423,0.6446394316429638
0.6017442784194197,-0.16663132748828458,-0.09108815554749783,0.30157470386254454
0.3908023124500915,0.286108457374324,-0.05580687423567199,0.7261224857452122
0.5087689208115103,-0.501291870051356,-0.09533789303975437,0.7324181211276354
0.5753681786619026,0.16917168492071188,-0.12751777961774513,0.7868068457516325
0.18089054282904932,0.3073482234657329,-0.23645889651220542,1.0285088543416632
0.4854365772403436,-0.48860410133059384,-0.14640076226071297,0.5667721409634106
0.42282845948931713,0.05586744097266649,-0.605638501353128,0.2866302474847499
0.6075675037363829,-0.16137678197938526,-0.492031639078595,0.6095921677671963
0.4925957468675628,0.33307341881267327,-0.28320782441116166,0.8260826199037394
0.2892257644628847,0.2717603426064644,-0.7987963889138143,0.6178189446277803
0.45694310048859577,-0.43031855786420936,-0.6020873586761213,0.6008118892734392
0.45412911750652973,0.028991434987949205,-0.2995926729267796,0.6835801329966861
0.2842040233262824,-0.0850647411473186,-0.2941513571633838,0.29988590295967565
0.1968848375514473,-0.08142215544672654,-0.7841059653821774,1.153262644045947
0.38815488863473396,-0.10242222399284501,-0.5209681086070113,0.6006509724891977
0.4632456885126395,0.25460741001434417,-0.40992232692009045,0.7637937033310851
0.5818104074788026,-0.25401028727596753,-0.11825308975256976,0.6960438137976049
0.48967681608506763,-0.11142346602394049,-0.68469830267918,0.8722344865930776
0.462664751877234,-0.020524250842068548,-0.13255523598261598,0.8715346945791427
0.25290113417371246,-0.36351610591627426,-0.8215647128832027,0.9978117009600975
0.4358300713169595,0.16571331780902987,-0.8557805505477433,0.6262726756067614
0.61291154186036,0.10757315605259776,-0.39879369751047544,0.9183002896446507
0.561370188618898,0.27467009160151634,-0.37683766673072816,0.6001144311154912
0.3366587128628404,-0.25130689540280504,-0.8924996932624525,0.647545474088564
0.20542700016804274,0.20575060816888247,-0.7967107416183796,1.1631878973389278
0.4381108966623898,-0.34451723686405766,-0.08825526639853332,0.9681783030256199
0.3621758774763588,-0.11544394682891645,-0.41482858015235696,0.7333323760256718
0.40916315536683745,0.09287060700652228,-0.2469856102865594,0.4116345705466763
0.34800775349410507,0.31732385931903884,-0.8348216068113052,0.30872806220825005
0.49249730195745545,0.28794789280480526,-0.18301025406854088,0.9198537272784807
0.5878390296630963,0.20598481855393613,-0.7255320166392061,0.8028520653586907
0.4397806937359501,-0.5159592290157353,-0.12030504871733028,0.9999666784159491
0.3225584739005944,-0.22930456998666876,-0.5713267582331929,0.37207265404909473
0.20248416489290533,-0.09831279162635675,-0.08331677307963592,0.42284245050631053
0.24271068675349006,0.07836972522681718,-0.8700348615842888,0.811444408308861
0.20248555235046942,0.3351550034974484,-0.29791056670926996,0.37208355287062045
0.2034296838184638,0.1102612317440782,-0.6143405966102276,0.9646106712538866
0.5728868987092144,-0.10985886508661363,-0.5967358084416394,0.9726017450219426
0.4335301174536642,-0.3692536638436198,-0.4245416866540874,0.9529994859995807
0.2875017820922394,-0.02587662124537038,-0.48463642864704903,0.9104693361389207
0.25328110778143476,-0.15592969574576265,-0.45479428988198334,0.4376825495188133
0.2850487350581348,0.1885697781775837,-0.5636269629659103,0.5658307233902125
0.23205331747787622,-0.231501954750085,-0.6812239556076269,0.5095195855511556
0.45638610118236944,-0.2638575028891253,-0.6642492026859812,0.7948400869853733
0.3867461515279704,-0.08687778919988615,-0.3519625143377184,0.8463337218704414
0.4571048170861085,-0.3740204177824057,-0.158596148959664,1.1819488112195011
0.28670593439059777,0.16231631526751877,-0.28674824767527773,0.7218948840357728
0.16831169271243487,-0.23669903540696524,-0.38757476799676516,0.8915500545814239
0.20885616848821587,0.2122065126896424,-0.8334777708578349,0.5031481958204405
0.18086524211741925,-0.45200560360745806,-0.7707034653837855,0.43061834108562486
0.4708573080943571,-0.23392578008246573,-0.10972533141293384,0.27339570048413686
0.5775296681059541,-0.12730800434904882,-0.7527365894893896,0.91034083171572
0.30293869521295563,0.2736632235068903,-0.22200632444246404,0.4824368426577119
0.3823819086660958,-0.143964047565871,-0.26343636335098664,0.68507663574364
0.3627038539046183,-0.4289093495100902,-0.6116112300203747,0.8833436710824136
0.36725630732724374,0.04670106037520649,-0.37929486644628674,0.4567387490153386
0.39811093968216377,0.16867071853775695,-0.07468764473561063,0.7575199533030645
0.22295546422018886,-0.22213852012368385,-0.8083387306593144,0.2987857912555502
0.3625254882907968,-0.4722129481688326,-0.25535722155996454,0.8471805489245038
0.5717843829983067,-0.547940905250453,-0.21554013670504313,1.112015548992849
0.3335031136473954,-0.18018735230086347,-0.2609151705448366,0.34662337028358636
0.47669521578026597,-0.19631514780080273,-0.4312008417243118,1.0506659952634219
0.18158959673957498,0.016046256531011105,-0.5936090102367364,0.9926004950348024
0.5647366138431712,0.021153815285589794,-0.8154492890430725,1.056172078505073
0.572839892656374,-0.0029692688435090098,-0.32184612197355766,0.3653473679926601
0.3701466688326782,0.023372140527745944,-0.3997258726117362,0.8761305800150541
0.33232007356204496,0.23817767096397424,-0.47370529996175564,0.4841573790202597
0.45622108386124216,-0.5146215969617425,-0.20205148477419943,0.5859480245298803
0.1732476849103176,0.037162931993718784,-0.07411246495218926,0.5545472076771762
0.4337462286854368,-0.31356202370109776,-0.8232517563007864,0.6979498893788322
0.46233085407532504,0.11936334538967763,-0.1384281893859658,0.25645957709943956
0.39894157299861127,-0.2563529363434806,-0.7398702261894246,0.2615865811597034
0.4924277680833099,-0.38835030915348023,-0.42815713283036055,0.7199465219069392
0.4932701753834354,-0.4304657907662579,-0.16368651838806703,0.4519836982068792
0.25048778909503394,0.0030546577910980366,-0.4446170074624593,0.5105907335978064
0.21244671683497665,-0.3629688918889177,-0.3711341306047298,1.1653098814133156
0.48115807405665667,-0.2570276959532386,-0.382392589927366,1.0014422289872091
0.5030068303646348,-0.515753284277324,-0.40671896635786176,0.46802732002954567
0.6181957867810878,0.04177738692830102,-0.19687573785656687,0.8744593502382919
0.4109937224259005,-0.532097199320943,-0.7374392368368832,0.46009355188241313
0.40879933832424853,0.14047849085948838,-0.4405806536405229,0.9338124057989688
0.49293752016797754,0.09200988353816597,-0.46266025901532154,0.9361225218620972
0.594996569961616,-0.3024589461790834,-0.3202709282809133,0.6431929509068048
0.4715920194906902,-0.14143039439721106,-0.3231947599949947,0.9870717260966735
0.5523206524010053,0.08096564190566125,-0.4705382741480892,0.9453456269052642
0.24190693544782738,-0.2825503224156687,-0.3670161152197067,0.4140442480047088
0.4477818622629324,0.17320565520619136,-0.47556207296896896,1.143129820930927
0.3316984415171633,-0.18236990930243235,-0.6842762155298013,0.7705395984120272
0.4614347024203299,-0.02969440659184608,-0.41251455772072737,1.1813269761082021
0.21577383664134386,0.16298387969506611,-0.7562922804141934,0.6816395725941162
0.5990666461616876,0.03768126790563264,-0.23048179356820753,0.8161126183219242
0.4274222503795685,0.15823185234891957,-0.8467253886902423,0.3123012882212832
0.6037178920191825,0.2655811212001622,-0.8400601572303592,0.8671373854086156
0.60854426017406,-0.4067246051284864,-0.4471608635818405,0.6748377802208336
0.531127847528588,-0.1796444446806938,-0.45725661452392924,1.1172379107822759
0.2707014684617809,-0.04898877347450836,-0.8494595783975311,0.8389471868901885
0.1789063862946851,-0.17092266651881877,-0.778265810995341,1.0539345872353967
0.5852406685051792,-0.1949754178918972,-0.6992980048393689,0.7140327701476521
0.49974820754599825,0.1894422920375669,-0.4585315850818664,1.1068849639692588
0.2433105631065924,-0.00944326098167425,-0.8928580163117421,0.4975489395900632
0.3303087156932831,-0.22565845138288998,-0.34617618944146467,0.28890093939706063
0.28267346870199467,0.10921865397102593,-0.7461575905778689,0.45224450913471853
0.19915692781666286,0.25463981198090824,-0.870531012226899,0.40884034847229195
0.1884406154878946,0.3378729006853144,-0.7726639546365299,0.6180569329849757
0.4669068412163708,-0.2726366236884491,-0.395919149166597,0.8225394783333456
0.17687552082278987,0.08893420954312192,-0.5741033463377204,0.8217246808782563
0.2554547089885743,-0.5421105996294597,-0.36005675058719655,1.1560929944275875
0.28877586753620604,-0.2646635467871405,-0.7348261784021923,0.6831017505793071
0.30524058481217686,0.32878126353554404,-0.376966935729278,0.8917615101417955
0.4573688439424841,0.17505613828329125,-0.3786537136129112,0.8509521426369354
0.595917467638678,-0.0041357582909514745,-0.5831890985843724,0.961050468929687
0.3905952509253545,-0.2961561112927765,-0.8501719505358769,0.6401748917726455
0.503714053146938,-0.2114051090736151,-0.5150343701171218,0.9110517777631472
0.4878124845135754,0.3470840014219023,-0.34578079464083866,1.0187072612520975
0.38439403512911974,0.2099968497395499,-0.7901639358014382,0.29427726835523893
0.17868289447424457,-0.2476222430500259,-0.3396052396278758,0.5138126320296388
0.5830139591018488,0.12737327782222485,-0.8687591358451467,0.6435257867789557
0.5305138506898357,0.09684967222763585,-0.3937571737933456,0.9560072365010819
0.3386789845492849,0.1735539550730043,-0.27006716899604344,0.8017452622854954
0.4758565779671369,-0.10770251801049441,-0.6461387471874083,0.6056117673562781
0.3700305479776248,-0.1270901020378692,-0.44758811088956085,0.9458564776671086
0.29841657137110217,-0.14301224293728343,-0.7515479490451608,0.7582535578037843
0.3737849645506951,-0.31893391119572934,-0.4093285161563716,0.3673089461520637
0.2602416346464248,-0.015581659484428467,-0.37846649410691624,0.3494111711141573
0.5296585587259631,0.0695587209345272,-0.42131309646226694,0.38507345396154036
0.24832301130120749,-0.21508615980121387,-0.7201252817449815,0.7005283016111336
0.5077527700732362,-0.12654169774861912,-0.8289003953130503,0.5816955141247803
0.5620087191191454,0.004500478872719316,-0.2578639281074857,0.84291208482765
0.5236266897515324,0.23044218748103018,-0.570300689399024,1.09699298170754
0.3751466003120102,-0.4187584744355929,-0.26317278999559335,0.5190891797741357
0.3089717172178459,-0.45057134214290484,-0.5757723934835988,1.0558247741140205
0.3839190094618419,-0.08421887743981255,-0.6966654706619269,0.7023339456155506
0.612908348323197,-0.22022420727710135,-0.31225450797582244,1.1311526441518152
0.22142759238141713,-0.0966902954499842,-0.8220550324040707,0.5657610592570704
0.37817907924290434,0.12025026016734086,-0.47782424137828117,0.9881159506757964
0.3121004734998861,0.08094390924744477,-0.5103019115069911,0.5197152694661309
0.5163149543691332,0.1512796748291283,-0.3714190056540111,1.0111606458946762
0.3475764820896241,0.3261906490908507,-0.5648082092987269,1.1742254807575823
0.5410760005186097,-0.17982314840272628,-0.570987256484106,0.3103944497564703
0.5798791135540522,0.03951744658281653,-0.4236276134463395,1.014407136921199
0.38348974101535466,-0.4997818439456251,-0.3589279830625971,0.3845919115648619
0.18314920420316028,-0.21735092902762554,-0.3886167268371886,1.178331971315537
0.27806486772976535,-0.27537520321242803,-0.7817308016299337,0.6848630158200444
0.5808918068669922,0.03681224801816496,-0.6304061162775639,0.3975246603743257
0.32493181747595995,0.04385720291213391,-0.533989616617442,0.2607018037033761
0.31477687696321777,0.08153526603233052,-0.6311827788078359,0.9909003647972323
0.39721087151345036,-0.10550887726278324,-0.15349752453245546,0.27517276784959505
0.5195904922541852,-0.15012624616649406,-0.14235740965311827,0.9189777967227517
0.42839568591362653,-0.1568724302141694,-0.16262875536253707,0.7349107046368603
0.44909425795242264,-0.5037401472221102,-0.40788066091351743,0.6345395865593426
0.38338068813337645,0.21519354902942145,-0.8207901575604769,0.46029505997710773
0.49206524533207896,-0.049985758320389984,-0.8959703471749698,0.6557502978585417
0.23446390461600353,-0.12686041424331118,-0.8765585206427707,0.427335166320145
0.17605934709536789,0.17290637810411114,-0.5769681115024708,0.32600178933857726
0.5418375378052569,-0.2335582353648421,-0.34070233918528536,0.9407938379467009
0.6038432572294645,0.26876010810884976,-0.8004350735503961,1.0318772658740145
0.27825596287424686,-0.2453864949821848,-0.4910789139741267,0.6751917396632143
0.35156030661291127,0.18774063463661161,-0.16920777645417429,1.1549163430893512
0.47379811938793825,-0.48992832091750704,-0.8733101546892587,1.0320709575039309
0.4659109669940784,0.3461618401492702,-0.4750286618308337,0.9985562512613257
0.2809623830444319,-0.24486548702624955,-0.2847255734593023,0.28354445092525965
0.4132743391120246,-0.1455809416643073,-0.3701449806948073,1.088601853377897
0.45911723550178984,-0.0036491482226623795,-0.3237839759405894,0.2908113899816409
0.17175435576592044,-0.5281797476992133,-0.36318747911310834,1.148799329542879
0.1763326528164069,0.09772817676023715,-0.6659468848931442,0.49054339188148105
0.371605125587912,-0.013478864192615791,-0.8886368568142977,0.8310424538948746
0.19028368476554972,-0.07662366298551138,-0.8216637217196459,0.3793184751176043
0.5202103330354876,-0.14862829799798916,-0.5222386494343643,0.5579516624518752
0.3617701451599309,-0.5423635812579284,-0.7901455832365586,0.815163333542831
0.2934574793906582,-0.16144027336896705,-0.5064545775567424,1.1456531525769362
0.3366444638859678,0.2662214735824524,-0.2326781898966459,0.6701374301160583
0.22994720627066761,-0.06800166579137107,-0.10863944890200306,0.38501198669328285
0.5882388928261263,0.20013370327825486,-0.7987950760270144,0.583720799884067
0.2983630755388894,0.15280584410580877,-0.840455234863649,0.7014242860733417
0.4835191085436399,-0.2134865018179783,-0.4359265483472639,0.36281521906889264
0.4147554188906619,-0.3088553737854365,-0.449274601580154,0.6918984740489489
0.21957206810343782,0.2041794537885433,-0.2673030634214967,1.0763908510775484
0.5372496242881828,0.2386204660525889,-0.1534999145068373,0.9256117568539635
0.2543899139208255,0.17052184095196032,-0.2673024893176058,0.3982275733363119
0.45871203682294215,0.13231611539806276,-0.23785087478925693,0.7509805042714229
0.46745729462969554,-0.323284812328969,-0.4147681787914625,1.184663941387592
0.3947104815491219,-0.14958176457151212,-0.5471374004969018,1.0018527614521169
0.2764266068679521,-0.41238379408245496,-0.3339832464747121,0.4873410599599079
0.5307566891684844,-0.07262529872863999,-0.4684872280599934,1.168070920476381
0.39288132774447215,-0.16526634757658115,-0.17430672358738608,0.9423733623473296
0.528855073867501,0.23796679301611057,-0.07488476207736816,0.6129799886863594
0.4109403044195056,0.17878938567662095,-0.4679510850626351,0.7823648039873323
0.2814765597076815,-0.10283828094908065,-0.5155551445086085,0.8613326901067518
0.35181529584449134,-0.2747038439662955,-0.4876672538256542,0.3671509875771586
0.30739868938993514,0.09911461895074958,-0.4577867037793164,1.0214379064237697
0.5278735571500415,-0.5035755250731876,-0.8475763651471259,0.6546867574055446
0.2201467247182391,-0.020847224287224297,-0.8302085155264416,0.946414136090985
0.5742461234746765,-0.3154368282157043,-0.7277092856348111,1.0991568472689082
0.4270371167906256,-0.17772146862298682,-0.5203811442771988,0.3300449265217645
0.5636144844963009,-0.2290161361629664,-0.24713500532458732,0.3160580495464187
0.5482635039407708,0.10261801341312149,-0.6348917187945984,0.3799944419128525
0.5801886950051727,0.03720340650853082,-0.5772508381815582,0.5786389868113178
0.24287139248239148,-0.07808311200498291,-0.21066650175713797,0.9427115414528775
0.5590564716226889,-0.07336277120647927,-0.5571013512694295,0.883805550559344
0.19786357433247329,-0.10439182996254653,-0.05079136936634787,0.5879920303170643
0.42947274931380375,-0.505026641114827,-0.10300219907445052,0.3254084561548547
0.43407218655851254,0.26467975599358295,-0.8183393255541657,0.45289809159315586
0.3970547529097369,-0.44500840000938496,-0.5714516871924123,0.786571276436002
0.2487991632711456,-0.33684217169562247,-0.4232576275740388,0.7332456547954478
0.474239994809344,0.1689129255751568,-0.3905275252320103,0.9984144931720301
0.3706517948605522,-0.1751139494938878,-0.802973344949109,0.6354830587006383
0.41323123600786615,-0.09861961454208218,-0.18495951396256116,0.8452783041639931
0.27730675375519803,-0.4821535052516862,-0.3259831685369585,0.7007015924598964
0.612883160519016,-0.4361141219227121,-0.7720229098357051,0.7475706607094281
0.19029133781106394,-0.1448998807303024,-0.06676305195179599,0.39488748438836047
0.5187887484028024,-0.042701112195424495,-0.37918111161371604,1.1779959546894312
0.5053115021062325,-0.35306684230966645,-0.4727953250584325,0.8598333411824142
0.19368623119600356,0.3043663425527081,-0.19087558689768103,1.167196437558255
0.5490157466701963,-0.40951903359304365,-0.38655158328145534,0.9325278560524184
0.3291774405214641,-0.006086889417238894,-0.84048347978738,0.4941357244383568
0.4609265161109045,0.006625275175403789,-0.227795445929442,0.5112478039410119
0.20505070527179936,0.05869705251995061,-0.1736578628721276,0.8302696696181224
0.22303886964567515,-0.3953891425483289,-0.26981545509473237,1.0575472821366503
0.43497453616734383,0.03541870312918449,-0.2295792549508242,0.9055285456057205
0.5714683875937677,0.17080538140065238,-0.7228345821251891,0.3065157676620185
0.2331566184836794,-0.1598027747202101,-0.18310292554801488,0.4629323186793652
0.4898829833234394,0.17278086975566576,-0.7516820929977068,0.6808591633021912
0.2298845981843877,-0.2253230357994671,-0.7712791348640993,1.1645798768117555
0.38116120003097065,-0.41383713118302345,-0.27191135521606535,0.3724095677954282
0.5460748245013031,-0.30061610993450477,-0.7903293859680637,0.6982243313765452
0.2746338130615425,0.040234702574728054,-0.7455246414615051,0.27663738913327274
0.29710362832121906,-0.2688332618079849,-0.7375711954764876,0.9405102836936505
0.576787811275223,-0.5354709698356809,-0.45950467105741083,0.7730507792690111
0.3194132947617151,-0.0015470486788390359,-0.24606919304609964,0.6527406671270014
0.19937655174126415,-0.1946540066388323,-0.7492965188773038,0.631913446502424
0.34491721896519506,0.09531589385140371,-0.45119978129238025,0.9714188022251189
0.6178233003405924,0.19846233366574284,-0.24769151255116661,0.6876182396288257
0.5243772138295483,0.32594978115501994,-0.8214295103169325,0.2580548946734536
0.25851342928938525,0.08151976093610347,-0.4871050713811774,0.5585745901931773
0.46667018323271303,0.34322462206966187,-0.14214428128227163,0.517241658099665
0.47920348179374916,0.27176808279853426,-0.275236972326532,0.49777698667013065
0.5382431271223419,0.11732770638564294,-0.5653046252846521,0.8396139598128237
0.22310647488119256,-0.39143118031557766,-0.38908578878378564,0.6660899504288456
0.5315557557820731,0.17853035496923597,-0.25145009771691573,1.098263342848975
0.3143635068928285,0.22704089542437456,-0.6934932035655265,0.44614124341502626
0.45803486461796716,-0.31221583802344016,-0.46550012523006307,0.7493346910216501
0.3316975675912329,-0.273059940858473,-0.24279224019516055,0.33126080018732046
0.46130146495046753,-0.11660420275288935,-0.12326336848441244,0.8043076522904219
0.3498618924910112,0.16985490771687817,-0.2857137841923856,0.9413212125961518
0.2777310336799186,-0.3957108932726328,-0.7510769834022947,0.4701883877253583
0.255801750774817,-0.22409211921232636,-0.7851588237016305,0.46583051380246904
0.5450359953846307,-0.4730620013477502,-0.3813148583380723,0.5167553925224971
0.4087523457263096,-0.40490076592070706,-0.7761055091685923,0.8146386557400576
0.1689804109652302,-0.06915688315233115,-0.6519196955408959,0.2716760892404591
0.48369127837650105,-0.46483807942292443,-0.6675342396756067,0.9580350623983169
0.4476905119523227,0.042882627604605705,-0.19709793147364363,0.6657118965441566
0.5090131724541282,-0.3554968529664507,-0.44318478808283046,1.1178024850774126
0.3953450341316834,0.0810528243481794,-0.5747297657650836,0.49720472575887575
0.4570107968290167,0.020569347299411178,-0.7934057496963783,0.8246773220065723
0.288454629777007,-0.1704304021716725,-0.09836783689910056,0.7801654451150464
0.20417682676077495,0.07425208091524571,-0.09356533858814298,0.4632554838296165
0.4714345879118238,-0.2839627890303511,-0.33877928298499793,0.6168437979016235
0.5016383908658303,-0.3699692075857014,-0.32686924407065787,0.7202693877646602
0.4296849523429289,0.0010488014235183751,-0.27493835830896207,0.8324620555152542
0.3910854756581491,-0.3981185467078976,-0.14882322035036855,0.8026962377334063
0.31304637705602534,-0.549638777718246,-0.5093326221533232,0.2689417749121519
0.1666825559251717,0.17637966201317623,-0.31047082219212585,1.057743074939153
0.46542967597690577,0.18567773568168022,-0.631794111163211,0.48473610909139403
0.49705245901926076,0.15697408915847177,-0.22258370865512778,0.36956960808731054
0.42379351735481074,-0.2150441368303883,-0.6144366360051094,0.6919023489056384
0.4415632962457483,-0.4392076582491869,-0.1553757242054049,0.5646633134609542
0.48913785631067497,-0.4663661963818365,-0.7688065827573851,0.8022239690544284
0.5432812324476022,-0.13958900166549554,-0.3523574148764106,0.6442843177388922
0.5395929759227464,0.06358420130637266,-0.8481761871031308,0.47359810052709034
0.35844699818113296,0.3263386662984772,-0.15518621671980648,0.4755751971748555
0.4984913407389564,0.0002506451736500326,-0.2622284480858942,1.0891463349256794
0.1776870372207395,-0.056601923837782175,-0.32749636633268175,0.791230925789243
0.604787032927077,0.2319741599615146,-0.34473006007656837,1.0687290824189342
0.4728405618582885,-0.3354174629233463,-0.10605632803138254,0.38392836130754215
0.3385737956399514,-0.034461779698829687,-0.7938800922214678,0.26783256351822005
0.2958164032338923,-0.24448879395263917,-0.1527465072701919,0.7607669843821517
0.3540981400696198,-0.1544732081982757,-0.708795065490922,0.4257620512979533
0.28797628724939817,-0.20555160189894556,-0.34238166807101345,0.37586856491977266
0.5779086969503039,-0.42973467007594535,-0.7607024821517699,0.6676382598973574
0.46422276425165254,0.27653748634891573,-0.07951607514646208,1.1811925964368333
0.6067956892239448,-0.13796320325310046,-0.061485288774830726,0.7651217879989705
0.38457223681162545,0.344027504875665,-0.14433290862564185,1.0876508830049967
0.5077391303153116,-0.2929240965937009,-0.7497964329670963,0.27389438535815247
0.31034234086188084,-0.048438096936023745,-0.1963326599186388,0.4089360546284592
0.5883376614371472,0.2719172072794952,-0.8159119081648765,0.5422731189111782
0.5564865805224968,-0.4615325452699659,-0.5494777496823429,0.741714371663291
0.35772478628096793,-0.05851840116828194,-0.586340333212095,0.700970842300074
0.3283069370028652,0.165312726456178,-0.6691774675471187,0.5319739733861094
0.2873904173460593,0.13078269218524208,-0.4607879488554028,0.8748461103843543
0.4765965098786008,0.1654939561156149,-0.37669098652430577,0.48869865060576234
0.20632601951772062,-0.23160986098353997,-0.5473946735779135,0.4794649140501428
0.5186672812580487,-0.3180684067832391,-0.09368350865888464,1.0127701639542732
0.33299607613246124,0.08115641954483233,-0.7555987310347521,0.4640668373483149
0.16565834173492225,-0.3346051939819469,-0.543814871047096,0.9426806112742012
0.21056842480235718,-0.24759149582398066,-0.21789590357571675,0.6627621175746603
0.29163969185602706,0.1782905589196183,-0.6992088544922948,0.39479458146656293
0.5739780596640486,-0.46672151961649616,-0.5971174010681595,0.35374526282587426
0.53821422262945,-0.18236662747897475,-0.46276634331750993,1.0638831769483228
0.48488231970597984,0.2674535295249737,-0.33669624429402667,0.8294683206278899
0.22473111823946396,-0.47434417661173583,-0.8744024936424213,0.37652684998338065
0.5936151243234389,0.0317106539530988,-0.12120405062972972,0.6056910996159939
0.33801510059279577,-0.3199323714421055,-0.2528648241456619,0.30547821416147447
0.5634944568526835,-0.42071249798693033,-0.06231644419170912,1.1777420489414647
0.2041994145008778,-0.17988193271821074,-0.52755115143002,0.4747527553859614
0.5356987164261137,0.30209495635690153,-0.6087316894291732,0.6878209334815268
0.4531415525821383,-0.27929821704425345,-0.059549965508606695,0.2647245043700731
0.4923552599419958,-0.510360267311067,-0.7982517935030281,1.1476375721199568
0.4693484812093678,0.2664316681230915,-0.24194381562104872,0.534790684958955
0.2508677303627844,-0.34733311792249183,-0.45980308321788427,0.8535035955393135
0.4654478086902011,-0.017114681091733308,-0.12105699187757701,0.8229041839733303
0.30093079012930624,0.1177769386653792,-0.6568736279351172,1.1693529928531607
0.19342842348500114,-0.42948349306484945,-0.14977644327284312,0.7454803285478375
0.5407260367894262,-0.09697067561929817,-0.3731242296131084,0.9448730939959743
0.6174392402780349,-0.3979343175521701,-0.6805974515673593,0.29257688304665264
0.4532951405959068,0.03839299016880027,-0.3152637223844653,0.264223673447015
0.2688850104301327,-0.34673912531129103,-0.6018670994278649,0.7189581867220294
0.37400977261392565,-0.5359594190888045,-0.20188651865870733,0.8377155503947362
0.3486928290518664,-0.2423433066678654,-0.7076949031008442,0.3290988182085004
0.3454177629651848,0.12125861412149952,-0.05486234565538484,1.0016258773224611
0.2503341247093734,0.2995039934129212,-0.2737278428874298,0.6787870876493263
0.5384363812780399,0.3363535528066016,-0.13552802938387498,0.8919087374775209
0.5724153886504626,-0.24664970167921169,-0.1868589307801225,0.28465802628720915
0.26199219950697517,0.027948911828484357,-0.5195613447856144,1.1730420531289334
0.1937194251177452,-0.03751036489635584,-0.15145634242363426,0.8451984613216348
0.5245166640320928,-0.29945361831158734,-0.11996329124592986,0.681254154868576
0.3991523509956587,0.16135463726172616,-0.7396495182514936,1.0652395774813026
0.4407102797019987,-0.02904670578795665,-0.08092010809113603,0.8265135300554229
0.4384235470532488,-0.30188187986403536,-0.6291600760354343,0.25800075549426116
0.28111946137710664,0.2556061923334356,-0.08043169867440447,0.44069689895683767
0.6146222943597055,0.20746193503422838,-0.8937300727960482,0.7883226894809741
0.22791275767251276,-0.07568391664132756,-0.6834781272136782,0.5919951706177771
0.35308449623926197,0.2677922411356398,-0.6598853439722036,0.3608785020908517
0.3234503360101039,0.11509253777669592,-0.8281476762997299,1.1111362610190958
0.4560178779046705,0.2695903116740598,-0.7977957400394668,0.3676246717889112
0.575578760990148,0.009755934226170604,-0.8326046514213844,0.8362166027457965
0.5640017289846445,-0.13361895718840267,-0.12306016110621665,0.35034771539029297
0.18209110164338552,-0.03940121242553796,-0.5780144345873552,0.452675625715222
0.25044514371270066,-0.5012981069591839,-0.36719623777134414,0.5963291699999336
0.4177245933149729,-0.465440617798795,-0.22476666961862823,0.914696078375786
0.41949458344548773,-0.05182974672174023,-0.06728424381385811,0.7458977847500914
0.28003398872022156,-0.15249971350596198,-0.6638181923076326,0.47628017764284203
0.1648148053980099,0.30775757969333317,-0.57512637648846,0.8077458232452911
0.5150168987043561,-0.3897829540895352,-0.38229637583893805,1.0648905492968799
0.49258744133554744,0.03893725271384019,-0.4022775119679594,0.36624362327533017
0.4867429423003381,0.21190502562044533,-0.6726558233631261,0.8862791342782974
0.5368051996300104,0.23668733107468876,-0.36265337336653847,1.0546098296078035
0.271318909728174,-0.21473698114515571,-0.14161782965572767,0.5250317733314301
0.3940597032683597,0.32920585092830545,-0.5272587368460466,1.0692515451400788
0.453340114548868,0.11651473974158177,-0.4259757430240443,0.6703910178456682
0.2619114532540282,0.24244410972662422,-0.38578499161864144,0.314869179722741
0.5853002297889613,-0.10177048573375047,-0.4430824785633148,0.5439336358938716
0.27192406210137354,-0.20779868523261058,-0.14664078692578764,0.4665902071154038
0.20156071657569624,0.030481110499062658,-0.24578645028797874,1.1176783968327682
0.23924119418095363,-0.21810348037433258,-0.8936084214779547,1.0047519882617482
0.5977722335842546,-0.40552983455183006,-0.8018449438929832,0.39032283583252275
0.3064351421792241,0.13347585654053296,-0.5239875701074388,0.3726040823469202
0.4929147675304777,-0.2003909969868201,-0.8285922065549368,1.0230439595169374
0.3141665433875632,-0.3407650143393223,-0.34367574376229126,0.4406233750077938
0.3212378441699735,-0.056917367428428234,-0.7992925819427716,0.4521786141314122
0.36335317781682364,0.05783149666291321,-0.24776881720831034,0.3127106689288889
0.4070292106428256,-0.1603634351680378,-0.156026564694156,0.6082391133340926
0.5827817683194169,0.08748196589114954,-0.49077889497551924,1.0483039175165172
0.413398182807868,-0.4844611088288387,-0.3533846103003022,0.4274497293926052
0.5978736293823763,0.027208496287720374,-0.8547224915847904,1.1497408444789414
0.46377696625814946,-0.38195364778077434,-0.7105728901651652,1.067915910441448
0.568151214606535,-0.373955508525337,-0.3734289142978977,0.9636490319612658
0.5961796572242921,-0.035484221697838825,-0.2242309055872953,1.109588850460468
0.35072298449591477,-0.49958062239055295,-0.8074991573311612,0.499876134432729
0.4177235618168368,0.11414045395983674,-0.27297832173060654,0.5938473627681422
0.29210559444993134,0.3474675600531193,-0.12356409862103546,1.0363374967186767
0.3098593366811962,-0.38356670352929884,-0.735931265811574,0.981791699953283
0.32297142343565943,-0.0981323792610087,-0.42764893441909135,0.7257925364830695
0.19467422708851306,0.2587157994762661,-0.5924510280342294,1.1172137217254914
0.5544565830325752,-0.4814382106480608,-0.35707433137875244,0.33701667226524173
0.49749309958738086,-0.5140427649243879,-0.48082152081030244,0.34986322147510235
0.5241676878042294,-0.015101240693641826,-0.7302627351931583,0.996624218261768
0.4246150734442241,-0.10574750644243508,-0.8076101480425523,0.9321583874053188
0.17964297089307021,0.1902916994715712,-0.167626223457643,0.6379189772778568
0.2607087394358627,0.013856188201916364,-0.6381622050739549,0.7034817197607222
0.5551063080767128,0.16476068947914668,-0.535454771686192,0.3595342047718175
0.16762395861151105,-0.10017969280840677,-0.5442708678665731,1.1025312474189324
0.21733583841655083,0.2955550829450857,-0.11914979688467153,0.7860494674734153
0.4129301595323893,0.21970955709799012,-0.7456316534133801,0.43289750320656045
0.5114090215302984,-0.2908844617356232,-0.27407822018012706,0.9521488067287174
0.30239463499072805,-0.5191943379972389,-0.7836801246684005,0.9098767496526811
0.3209779296041535,0.16897100302149304,-0.4930722327346823,0.2744270259876221
0.4341398192690942,-0.44420144369257714,-0.7463667725069262,0.5061340480123812
0.4548862065088769,-0.20307673540400334,-0.338370279668061,0.3451536780141392
0.3795463064321142,0.08514699318657626,-0.6314663172554263,0.5863510811025562
0.6183616870829529,-0.39660993279340256,-0.2740849766036988,0.43795596270547477
0.2158307510361202,-0.4098305223661209,-0.6018091758378094,1.1535956319254366
0.5165581947379311,-0.17932962523337492,-0.4123038961937112,0.6064011987626889
0.20090747051409444,-0.5425580100999868,-0.6568937487860879,0.6682634124548068
0.49097297007425356,-0.06349590573850128,-0.07930353440172888,0.8745431099427408
0.5613134818333817,-0.49386449733492266,-0.3857324245901076,0.7656593409432475
0.2080322425351298,-0.5236599438404984,-0.15015993620018686,0.6695959152567852
0.48829662480349234,-0.4100824853781637,-0.5520440778066082,0.8244456240838638
0.18062568879897284,0.1904881462515432,-0.05236214809530715,0.9659287719937706
0.3558041013534512,-0.09716993507942684,-0.4202516248923036,0.7856327903160414
0.25099352979673256,-0.5142320321566994,-0.4888519728680871,0.6797060688234267
0.5881574352891211,-0.47625965115398017,-0.38278133573884643,1.1541709605279156
0.5629824367556606,-0.16325929282150892,-0.8571543217530732,0.73571732364043
0.1767949524308632,-0.45769801648686875,-0.46295351276040536,1.1741903845447146
0.3118632475778784,-0.5222687461879882,-0.6111619128654631,0.3477099349511752
0.43620096682828546,-0.0019725232699355777,-0.7531582977059025,0.6850037545027257
0.3826305953711201,0.20090134687379035,-0.13822722841891932,0.524929372377282
0.5791253077287732,-0.20873361638707832,-0.36178623536106114,0.4809361489230073
0.3890365193824933,-0.48504115984030494,-0.5579893566835701,0.7855049349361156
0.22207153333818516,-0.3926496406137254,-0.43761320864675346,0.749537836036106
0.4977364068416785,-0.04626270297069812,-0.06269292304758611,0.569688150686112
0.37267674387867955,-0.4774462191776242,-0.23562751830408024,0.856841028351671
0.469803431695754,-0.27520549623353163,-0.12356195370252743,0.7512145873858944
0.4943891579622247,-0.2759935688944946,-0.3397376951192359,0.35153719341878986
0.5208033861473425,-0.2267976792081416,-0.5028026173129969,0.5415910302270168
0.5694997004971472,0.13934355413342292,-0.2863954793855613,1.1464521254380386
0.6012375811690039,-0.3118675053460085,-0.18460027047409533,0.6929846733700187
0.6104352415609372,-0.1351578905650236,-0.8784450723944229,0.600925608143872
0.3723849868827721,-0.09454315168536093,-0.6427799174796676,1.1846217853383576
0.17369714683384524,0.1630523976221443,-0.6233352370285428,0.6253968049519881
0.31982388548217444,-0.42618140663561743,-0.28258103426961845,0.6262737652858317
0.28605059591314347,-0.5138816260729094,-0.2897208327482611,0.49173748228285385
0.22248373000557942,-0.28109816614824545,-0.2939677120538289,1.0282436390043657
0.16110316850818007,-0.495544482271057,-0.8300279964852832,0.7027461896741827
0.20870797890207035,-0.13361720905753843,-0.784756490787468,1.1628860822840528
0.43566487356028605,0.1042202898243858,-0.34087171084503654,0.4388980544691517
0.5957777884824401,-0.006857393233568043,-0.30588430743000816,1.0769787179065355
0.4429594204639832,-0.3929591700662402,-0.5054395750194052,0.8394362550838402
0.28675949114172505,0.2085561918314598,-0.7239658318447831,0.4499382058518002
0.26518551890468134,0.24560885354840345,-0.8630417008770722,0.5300140042093804
0.5670177946442764,0.05145795865036973,-0.6511133471054645,0.7339981516176921
0.222765850836587,-0.14251654210535009,-0.5766850236081411,1.0926230895628664
0.40181533767669864,0.24011578298933933,-0.2310513606633694,0.4248979108610025
0.5127593517116739,-0.2875572086897231,-0.41353800416697767,1.1659707383071247
0.45641775050954636,-0.5399881119503355,-0.2675332231329275,1.0630541198107237
0.21443062061314078,-0.2089354178924423,-0.5966219844689981,0.8053386266549665
0.6164889274626907,0.07246798499896023,-0.7172812007528183,0.5116057091048419
0.6148521104286104,-0.01411995932025567,-0.881194988327392,1.022359442253549
0.18532908930954123,-0.13822277988550363,-0.06472047728012609,0.5065540255130966
0.6098168584640719,0.25255042624545965,-0.6032000948565464,0.5042535807784699
0.5502111867593104,0.31802207876627386,-0.6964062627178627,0.9401227651549424
0.4311040815335946,0.0706560559973548,-0.6129870073333754,1.0313870440236879
0.6053333147112235,-0.08612524069841976,-0.19912933985327141,0.8889864681925639
0.16054589021471558,-0.16487059138246846,-0.8027465502633748,0.4379722247050935
0.33746836685967996,-0.13903051823723106,-0.6882446716509466,0.42110513094464813
0.6047364020088756,-0.4497155823363088,-0.8576772452255872,0.8396198002458652
0.559021756168799,0.140078707738021,-0.7328360023331886,0.9439921512052396
0.5925444153480083,0.24350969642773046,-0.8551929986749826,0.6574584683981453
0.3109268547942878,-0.4880232819709472,-0.814104509048719,0.4412537417044209
0.5451271816006177,0.02779674598182369,-0.12848684976472047,0.9867623375934054
0.23852263076288396,-0.519726937992655,-0.11423774572512524,0.7476902765552486
0.22506467703723063,0.17035752030869933,-0.5474428920751571,0.3348714697853392
0.16994810456551887,-0.40028894424245276,-0.2621711955271514,0.3155352463944693
0.5381184615362843,-0.3044421032332887,-0.08836033925120723,0.6515859307225991
0.4032448963390418,-0.05583251476952528,-0.1614742466853336,0.7337037520956019
0.2682209460360972,0.28918836226792133,-0.8505908339398743,0.3245599093603774
0.18838076949951169,-0.4760676444284584,-0.8345026813554705,0.3556014023981309
0.6139780188002321,-0.15927132924398463,-0.48486292530532193,1.0565343991573921
0.42547930543071044,-0.12976123959888158,-0.2633627829593158,0.5503542052810951
0.6108697103747027,-0.030374960258195527,-0.1940755415247739,0.45208280725946876
0.30014027711795616,0.08872702968261237,-0.12463908993622008,1.06386037380688
0.43723243093021913,0.09474812789811815,-0.8800224653645302,0.8078897905681035
0.4991024286150847,0.08729945285655949,-0.6471712323981695,0.5694962922588613
0.3705229079097214,0.15548611039127946,-0.5035205137971961,0.3636834503625448
0.5614556639756774,0.10347653419499103,-0.6702792879318966,0.8033766991114522
0.6027711857436651,0.33745926072457677,-0.625553377455661,0.6327412983737714
0.31182136877489625,0.21527431189938462,-0.8758330618055987,0.6339469852652533
0.6069720386051849,-0.3089587460546855,-0.0701592151734628,0.4227560336582744
0.31949428081775566,-0.025723510750898626,-0.30353351879109713,0.8629473879131797
0.3744577272291355,0.1347899501162465,-0.7827699416022915,0.42514385710269914
0.3377310142433112,-0.39543783372188035,-0.20026156462612021,0.3354295705103638
0.5285340902886992,0.2396302872764977,-0.7096261012759078,0.6540402437061164
0.45831333200315927,-0.32045559951883096,-0.6458199960939324,0.4139081328502835
0.21401496978503434,-0.27356200773847456,-0.14689301332973548,0.7653264182307956
0.24954732178633182,-0.3286181701712033,-0.06099501595714241,0.7374006184375361
0.4961347224770635,0.3254466546052298,-0.8335920792210822,0.5531099143015885
0.4229383283684316,-0.015543114651260681,-0.8621026810572923,0.6027627512651098
0.2062778065439171,0.15660102791047503,-0.6026701413573239,0.6463157672956199
0.3213075957557927,0.14201065399590185,-0.732031708832295,0.8778949248284085
0.5616750902325747,0.27158813807523363,-0.5098674665593081,1.0335708107364576
0.5770539010170406,0.21379421673261023,-0.32723256632610154,0.4668320797059991
0.3437437938212565,0.08730472517802468,-0.0691376923808833,0.408454436036057
0.4112861426762522,-0.4792190721010788,-0.16435328862655785,0.9402192908007023
0.28875544094605954,-0.088769724388089,-0.5866768356905088,0.7249822086283831
0.20949195806713278,-0.19083224739400123,-0.5033849019666278,0.8354800741892585
0.6102860270555579,0.24209632228289002,-0.8132397683501028,1.1202654537629733
0.17690550930963717,0.3093865877879717,-0.4880461332001072,0.5429023342205769
0.3697557619362968,0.20969254029518014,-0.3066407332879246,0.7599250924545689
0.3968948985274181,0.22411292410935213,-0.36685481014620014,0.688843140905282
0.3163940501941979,-0.39822977714971125,-0.4713906120640418,1.0548003175882334
0.5803825607536153,0.15433978989169717,-0.5941596903892811,1.0132877471267088
0.5655686367157529,-0.004285094391565103,-0.6162475917844907,0.46783118492002607
0.4935293165045037,-0.17149647012714608,-0.5731411028024482,0.31855055495089635
0.4079298232258297,0.11272987557361758,-0.7384212522230786,1.1533539114830464
0.2510722307236388,-0.014543762365726853,-0.22809061322785285,0.38623398242322415
0.17298852389582153,-0.4996378462116868,-0.8679188416893476,0.4448243754289471
0.46889514246842456,-0.03391688944919358,-0.6100452253567135,0.35012603593569547
0.32209993816346727,-0.33975001974179087,-0.29040338120957376,1.1127815269878663
0.41452075698588664,-0.2378941225074822,-0.8646628220228103,0.29377551253152256
0.3945527706092416,-0.030424757518765277,-0.8099495406229791,0.5274778404785997
0.44547155782766046,-0.014670522429735544,-0.8540042477687277,0.8243158474765488
0.4869771157563939,-0.2863083603536474,-0.18912917100916582,0.7384193439685562
0.5453578182262471,0.25558105155190036,-0.27823422539386167,0.5214610432785536
0.45478239071147,-0.11540000829640057,-0.8251795534206257,0.5036219005387124
0.5424674873326145,-0.17824955257774033,-0.3674301428218987,1.0721486243593137
0.26600611029017635,-0.36341952518276455,-0.4030825364048241,0.6224845272285066
0.3080378990138283,-0.13129093499948424,-0.8333440430989052,0.7314985745587141
0.578289757110156,-0.5485976900431124,-0.4846113903855452,0.8566963277164261
0.22211791566371458,0.2762430556070108,-0.5862201217618139,1.0710803787935388
0.4601267279776875,0.2688902814698061,-0.331430676443208,0.7582230050929695
0.36448402517486794,0.11882540945184172,-0.16711577803324817,0.9330464499097663
0.5765403978933861,0.12243606111576766,-0.6136037581563734,0.282035973644654
0.20502140483763495,0.08351952475887314,-0.4386575023852753,0.5925870905708895
0.5208753987088679,-0.4790638726178422,-0.8508205656812298,0.5205424102309002
0.3348475299729946,-0.4018330398362568,-0.2338731474003013,0.9317487381516201
0.40250699190722705,0.02435171713169315,-0.35959077162956254,0.9547183362457728
0.4016878130592314,0.29890890221270106,-0.24543084520717962,0.6922849441937295
0.3506980113020686,-0.3372974830897357,-0.42905105617990924,0.7216609025317957
0.4331248518239187,-0.08405382891550123,-0.09292042340879081,0.9806562926844
0.3628640935529606,-0.33824723516029676,-0.21626113296163918,0.9082559692958367
0.5126610696043477,-0.5246031695778853,-0.6266158841768961,0.6972009189945036
0.5345657949175603,0.23166381350297294,-0.8329249752962627,0.7379183966735836
0.45252128142895187,0.24113754284385913,-0.8864177493128393,0.4152437758001484
0.38049479787063845,0.19441381427567372,-0.19811880460977804,0.9018009401456956
0.580473787790981,-0.018457151064057098,-0.5119496912144279,0.3455135993761693
0.42728755349018777,0.016373676697395867,-0.33290788696469187,0.4037625810908102
0.21486402722229833,0.11743350939970343,-0.6372604240758745,1.0424929707770363
0.4093358077381039,-0.14618523837494324,-0.24513537395369633,0.4528818657678544
0.6072075206186153,0.035261059037709264,-0.21243545043537382,0.28147578199879697
0.4702915513212834,-0.0284266561889448,-0.8259603217303609,0.3955328727459505
0.4107243523274954,-0.07053560973529921,-0.38418874530092584,0.9562059047619476
0.3590363163700442,-0.22592276975717795,-0.750299183322942,0.44399437510062467
0.5513318768309634,-0.06737859566076798,-0.14597174175559957,0.9577272896186553
0.332439440680116,-0.29915008979664576,-0.14604018160668075,0.4161586500990333
0.5538160653178746,-0.134565107717464,-0.4125455335868169,1.1801464953336172
0.39948815556393913,-0.3076410230032509,-0.5935443862718974,0.6225002995963274
0.338293865039701,-0.2827447516595746,-0.842541530212452,0.543341357628383
0.5386642094270901,-0.3155872911404355,-0.8404447588247026,0.521159989067737
0.2311800287527881,0.021753996710351386,-0.2324640590926914,1.0976739605135768
0.5936734520854183,0.2767082067365896,-0.14135061811729155,0.9188714226919376
0.2073061264037813,-0.115483661422004,-0.2522430012768919,1.0168260762014678
0.296614543952339,-0.16340425967946876,-0.7989766693349718,0.7127217396970231
0.30341609111177203,-0.514061682655926,-0.12410753953092024,0.9095335863366438
0.4951803417605646,-0.5291552665604047,-0.42595105526551835,0.6743419052706994
0.22076912327286535,-0.5005804848978994,-0.6393436682508893,0.4382113345711318
0.5840886460214869,-0.07480170230314848,-0.7378285206561189,0.46288400362475585
0.49313427600390736,-0.5302176268385586,-0.7417143604590763,0.3739929233005774
0.5833845138585394,-0.32488666297981494,-0.11640027046750978,0.783935277038116
0.28155790506958195,-0.5448386368846571,-0.08980365394376932,0.5575542261730092
0.5561012502401951,0.09697801834321684,-0.2603630183317026,0.8780796136742414
0.2186303804014942,-0.49837800033595087,-0.1795996893543259,0.7261977379640052
0.3843801289753409,-0.4328680533024668,-0.8140861585941881,0.783079446748754
0.32821845784418724,-0.32767314329317376,-0.256896541507991,1.1351292691978723
0.6004279282854793,-0.3245029733228565,-0.4862688633958935,0.9078521489240352
0.5569987651068887,-0.12914331850967486,-0.5116331923953605,0.3667173384290652
0.2501727672197752,-0.36652592940700185,-0.37383909612411437,0.9793480755813253
0.26015474174855446,0.12411468364724743,-0.7050238934202417,0.36891842208352205
0.5990516560847216,0.018545170239748443,-0.10970940842173293,0.7961608770713013
0.6064440206721298,0.3152471533929013,-0.445626958888079,0.7305605636392973
0.34292486998746374,0.20133965147175303,-0.1640031996513629,0.3068528696804988
0.20431419982273058,-0.14935099292482756,-0.40798516134155227,0.6006466413105931
0.4443976569941517,0.04821927501256251,-0.06537501507703125,1.006064003336413
0.5282603831612911,-0.004298986658210047,-0.5741307885095546,0.6201640864904241
0.24444446720506827,-0.3737308116834382,-0.22237814872869832,1.0747055960351004
0.44408357676668764,0.307443046565797,-0.14996269830894926,0.26262994538593326
0.17342953481916168,-0.48898808929059423,-0.36704251273516275,0.9101057871836898
0.36027126563900747,-0.24868557543070957,-0.8423944156712203,1.1071379185673877
0.4410637889167268,-0.29755172247263106,-0.3397096699726061,0.6284811559504028
0.22436777896571003,-0.14588724516381135,-0.6921343875762637,0.33462820319247244
0.2927560530901626,-0.2835273999738932,-0.6711915107146914,1.1375866833196604
0.24613117711837157,0.19133025095368672,-0.26482983592665477,0.36739633915404135
0.4732476474267545,-0.1553855268762539,-0.22577769939045989,0.5509696272356249
0.5624942321249289,0.053908250642794586,-0.3283047008249357,0.46087537821563107
0.4662769247132096,-0.1381104123480973,-0.512462468328051,0.8722275813587853
0.46056842997901914,-0.23690439823061493,-0.7679713087149397,0.4086298339971206
0.3721691337766237,0.09229908759919747,-0.12879466895220437,0.2508783901180062
0.33977109208451023,-0.31511860075582643,-0.41120704511583095,0.5464988261881841
0.1969781550113037,-0.31729568018118826,-0.5176470531075552,0.5180404839967621
0.4010613972631644,-0.054072563840818766,-0.5608053165587018,1.0288627376922255
0.2784646347576457,-0.3838899943826871,-0.12951976051312386,0.5595651377323568
0.25012308441344244,-0.22646662123574274,-0.31719709918263705,0.9938101338277929
0.2201554709711305,-0.1049702734434288,-0.7789024012328588,0.3048678044976578
0.5470678627576295,-0.49997260818317274,-0.5152598814665,0.4805298643298536
0.19114442640740278,0.24151306893550928,-0.5287172284220942,0.9651073886858721
0.21035586173093623,0.2474293441215747,-0.26208334240453035,0.6735973764373462
0.41619335948674985,-0.270536033219775,-0.15421255043165327,0.6221010610541715
0.17986759070195188,0.2475413821462239,-0.5901494861645398,1.1250227556854506
0.42315544078425005,0.22707740921348063,-0.8130199122777408,0.6155251450399476
0.36075788580559515,-0.17317722204832425,-0.8073654422725629,0.6489700433707923
0.20673627945739637,0.003382398493928518,-0.6588879600080395,0.7078051879380018
0.17882536261501952,0.053356453864362385,-0.27555449292531986,0.8924494293792704
0.4785876047106279,-0.5482454363448489,-0.7256536586057012,0.7061652375619818
0.3859922030046701,-0.17281740325010064,-0.8307288722473124,0.3261677063403007
0.5473401279868487,0.08190456805161961,-0.5015691681847825,0.86910968957704
0.22727207501900284,0.14824052861025538,-0.5346149587808131,1.1264172401938966
0.617452319632258,0.14925096529115922,-0.17272960442874286,1.0512753248103592
0.2047772202996675,0.2764575934202429,-0.247704031725,0.6441271515109376
0.2504040274452508,0.18942040617615608,-0.08632164334178427,0.9740557221817061
0.5894903150858235,-0.26778462302219613,-0.34629026436946175,0.45712893797114634
0.48599682162098934,-0.45433829747904286,-0.05954743891557479,0.7001933358940515
0.5402635026498036,-0.17705595906049304,-0.7056025695883873,0.6665717338331565
0.42768526624540526,-0.26612275122744344,-0.35440140131314046,0.3963646039839796
0.32278898927355204,-0.10755993475194564,-0.6493285842642234,0.9676648811300487
0.5191747182982064,-0.12299265279028859,-0.3111867540977242,1.096217433270078
0.22720095730472256,-0.42915375550119195,-0.13669819439253605,0.7503061468990768
0.24284284556173058,-0.13315294832773855,-0.3724799040392892,0.705005255055525
0.26285415463653095,-0.49829533403367077,-0.8621250328679785,0.8110378781507888
0.5878589730693415,0.04166980328333725,-0.22769741885403416,1.0912690243406986
0.16325362194228413,0.13411497076437806,-0.4535125113386106,0.2650462471621867
0.3077674637801082,0.14492740374909063,-0.32940342427007674,0.3186876507056288
0.16282305760623547,0.2333845897900455,-0.5402441672327893,1.18018563031455
0.29736518634874687,-0.23865264246546464,-0.7127057071998079,1.0026499950399939
0.26285022612302406,-0.1761184778106043,-0.7768766799258939,1.0182448487108937
0.4592602032582509,-0.42600882153193065,-0.7869868838397367,0.8330491722015989
0.34126228981678863,0.034402026020049714,-0.5418835451376569,0.4670260154156883
0.2868311668875947,0.01928113455645586,-0.29951101755674414,0.5496272304090086
0.40471889617657625,0.026401648853231152,-0.20593368203483742,0.45270780916290443
0.2712813190776423,-0.04708048202418058,-0.5128014394181297,0.8924687821430533
0.4549508434737065,-0.039028815834634245,-0.8826647569246547,1.1342212701025067
0.49365859634764075,0.024900030207033574,-0.6625248491318889,0.8835508209743228
0.16429677388600009,-0.23502825607574113,-0.21295782597584234,0.25966925027490806
0.44958138997734265,0.3368007620594662,-0.28914357536223134,0.3336645097035117
0.5698093823400081,-0.16590819246767996,-0.22908724903246547,0.6360265733647492
0.4367868246454205,0.25723090846568364,-0.0906659589474772,0.2623462127920178
0.27257610389541154,-0.27500972953127095,-0.5344319373977793,0.29714835433625375
0.1875427153564889,-0.17368605876571852,-0.545823751981209,1.1709938431474276
0.5806631245008189,-0.19738643110245935,-0.6912223700297585,0.9156323043318906
0.3138432674877517,0.182449518144701,-0.7029228506426746,0.6995851376282747
0.42399738308140367,-0.39310230320887907,-0.7648653578839311,0.8465340657267759
0.34487114257452955,-0.27998134341495345,-0.05141188104148986,0.6512795548961072
0.5148117169236439,-0.33149796470420606,-0.22529469116820477,0.4877620326335129
0.1665226962651743,-0.004783565075732077,-0.8535030437556209,0.45463607456437394
0.5374396296498225,0.2724821191981823,-0.1872363660396239,0.35561722264978496
0.5744112067472908,-0.5169075032419804,-0.39789789924397245,0.2502460792916872
0.5892718103960652,0.18221530068127567,-0.7648034198564613,0.5126768365948995
0.5815906109689869,-0.24140620427449105,-0.2593945269128686,0.5991551746243896
0.5129796694437745,0.25801543031505203,-0.7720605428201354,1.1566513910975316
0.5101838495208612,-0.4764904344802757,-0.5956801327673484,1.1804448179705611
0.29164996276669675,-0.286147802430954,-0.3180713498669101,1.1255828882352106
0.41551400388490034,-0.4066904030606656,-0.8523814853339464,0.9948407258803843
0.16689079289296457,-0.38770200108709935,-0.0922117150622872,0.37322925329431
0.5788794347436098,0.18503797990063287,-0.6155562384306612,0.5157069427901781
0.5014734039696238,-0.4801372504211592,-0.31971551715893165,1.0117671598522338
0.4914726278191608,-0.5035897233939561,-0.6901507280562892,0.9207791213380034
0.5057210802784492,0.036619697955134645,-0.10612245148753163,0.8132569543004492
0.5879202117383441,0.017013729771062858,-0.10222008870195165,1.1329950631963346
0.5372489373532784,-0.2308459483619721,-0.4835895320677305,0.6384140990932363
0.6137611545715126,-0.29162802061872395,-0.8194425565917316,0.27213335771197195
0.16058686924295132,-0.382259556023631,-0.12761621020182712,0.6188258307516349
0.5252688557603452,-0.5010181829078988,-0.393608611916507,0.5141394664612648
0.5141638364741601,-0.007076341669311814,-0.5676174694659899,0.6209255979992568
0.5557779151143403,0.26700151879606315,-0.16253404522613835,0.6671048233314686
0.3055645033986206,-0.11395620457613326,-0.2764975915165331,0.9960905032090219
0.6096737057842231,0.09891252032103859,-0.8257036381274119,0.41752349526988447
0.511948320057758,-0.37660253725247084,-0.6411024227284934,0.7129415392035412
0.42953665229440063,-0.43679263064447715,-0.8690883063690232,1.0913861217334677
0.4954307336838367,-0.2418576391512018,-0.8964640299798606,1.0718774027072822
0.3243366891994547,-0.44471169267750926,-0.25577325700774534,0.7630745405637109
0.4109398311632604,-0.21606395908765946,-0.11203719172189508,0.6676534500278577
0.6076744826443681,0.18543857143264864,-0.23359609749088905,0.6401935832344605
0.5159870699462762,-0.28354087273118234,-0.4152841881512331,0.648569850879559
0.5105339292616915,-0.2748118742614442,-0.3705699346697864,0.6296472811665621
0.5572135232164965,-0.5442542634780898,-0.8068630782595506,0.8070187337071638
0.1906187939283392,-0.23934137821285023,-0.40363626897042537,1.077310813106433
0.21131015019728272,0.08805742903342317,-0.8295086685626842,0.6187905758328203
0.6091980681619853,0.22652616108886503,-0.38608581755539395,0.6166347637247196
0.2527686988896296,-0.3186190999495472,-0.15948348620846786,0.37532818917026395
0.22980333543498582,-0.2168410352507406,-0.2966799897852549,1.1107478083516567
0.24493092239623943,-0.5390116702881633,-0.5972277003074674,0.5803221805734545
0.2210286141482521,-0.38074212514568084,-0.7558594618658367,0.39029983252049566
0.21233102182246527,-0.08438596993791792,-0.47790259205559876,0.6909939942515739
0.17540039500565968,-0.16497803388551846,-0.08921094000425467,0.873092226894189
0.2580986368411226,0.046385756897517005,-0.2938584951945813,0.4342023645103246
0.1660945226637246,-0.4899208334160031,-0.21904080710023122,0.7708273982796556
0.33035931003184793,0.29632801459266,-0.8581234598218918,1.147929531669281
0.6121729110999327,0.0386240178560161,-0.3224412571775398,1.0092055151225343
0.38843371317698516,-0.3159249870475806,-0.46901877278041887,0.8845922317968589
0.2364058673191282,0.29525050701083977,-0.7341272150412337,0.5842895922044004
0.20353393592468041,-0.25184808242348267,-0.7328286578015528,0.9972723015998175
0.4702331188532207,-0.3355350821751639,-0.8243417795926054,0.6580099044272789
0.5916859578781688,-0.34722396472708805,-0.8299227832396614,0.46728227595649585
0.3960270164105071,-0.2120706346038111,-0.7192842776946891,1.161679189224469
0.1947476730962025,0.08752036523207685,-0.5238000839430831,1.0526016274423464
0.39036176956413526,0.2550814784644594,-0.898194009603262,1.0384413334887421
0.3336236991008071,-0.011789905052490446,-0.21707587952792828,0.35278223116396656
0.3564890522528255,0.2024775024358514,-0.37997684230375417,0.34940674336456284
0.46101502700399055,0.053683303999606635,-0.7343599814376673,1.041528229757068
0.34388616101649283,0.15459965469982861,-0.3652539132034567,1.1863831959095006
0.1996648022322866,0.0634449538793257,-0.0769166770613603,0.9184887728130947
0.41328737917093505,-0.36575232090527887,-0.4643924151878191,0.5311324037173244
0.21537063403332157,-0.24525252300189665,-0.48386336783940287,0.39182336524159656
0.5784646014920863,0.03973798828943176,-0.8801765120655878,0.8378742310019651
0.3086250772269121,-0.3056631416929375,-0.5001881780204112,0.5822124384461107
0.2877446089807175,-0.38087872227372177,-0.6352285044518318,0.26547735580678133
0.49951758017573566,-0.08322968126731312,-0.87418493089387,0.7808554296294314
0.4196051298241521,0.02861001883354708,-0.24241044841497938,0.7574142293283734
0.6097840198194916,0.010875198409848186,-0.8139400842107727,0.46887517629341763
0.2716479918072888,-0.17587742985645516,-0.14018713566087393,0.25464220052985526
0.42626803026239035,-0.45937453113473803,-0.8580833590737506,0.9682695499285537
0.33427517506297044,-0.014681355569810539,-0.48980637020779805,0.41556894647053133
0.3507754624146264,-0.30542768831533473,-0.7544024209033475,0.38994647284652895
0.17381978720694571,-0.4200013455336377,-0.42381746865361564,0.3148234331147064
0.46963448953689513,-0.1426781923670869,-0.39876009102828847,0.8579152602810086
0.4165105813054596,-0.2300128473930111,-0.15195776777631032,0.9835830658714567
0.4244692440318476,-0.31985833915470163,-0.7544716896891139,0.35745851132853657
0.24154663432863943,0.08634238661176452,-0.15645344157600283,0.49115918411545845
0.5926818254364054,-0.28682237080794337,-0.21045480195731348,0.8850504808827869
0.5521237387376747,0.0066119100663191155,-0.4670121732098837,0.8323708504853742
0.31921678915750407,-0.1893038765492996,-0.3257750900558276,0.7183028667237632
0.19569222864316638,-0.28591235148311855,-0.799860001980293,0.9137061418567114
0.4897267109358162,0.14193623974446445,-0.7865946227420576,0.900474307969244
0.4962302180823942,-0.27837123994313967,-0.7457188395500747,0.2579153949251165
0.5352486136095829,-0.01947810338744249,-0.29665005396994726,1.1477375528377296
0.17294402784085564,0.09180426911639095,-0.3049712290217832,0.636071678646434
0.5701749585495869,0.179961919262432,-0.7352690959205664,0.6564775572422982
0.24493520251497347,0.0507083725683759,-0.31485525746857657,1.0644517693989926
0.5700347775037882,0.3488353600166032,-0.7304447124759206,0.9588422627182497
0.42659918752236026,0.03391041892143143,-0.5866460270672447,0.7603355553705917
0.19788229522541342,0.2733591950888662,-0.7808439857869808,0.8068229146681793
0.5862316442574089,-0.040935686629066326,-0.23227893621125062,0.959809427010378
0.4811559409809194,0.26844784453430404,-0.2614135253613523,1.1593740176019787
0.3257401508167618,0.2565086684676926,-0.7142256584298727,1.0719873347416677
0.5149057783356413,-0.4940888626332742,-0.3343608838262895,1.1640924160307522
0.28555965383936627,0.2094786709359604,-0.6306498104112713,0.6405722686440163
0.299045303885379,-0.12626453883911365,-0.40330623755252754,0.8018471394397066
0.20097225999235596,-0.2222232334797709,-0.7672801255443408,0.947127399952008
0.3204482952220513,-0.03604532521376269,-0.7707978462518017,0.4140734465555507
0.5292260669139052,-0.3604872259447256,-0.7042819707744233,1.0568269088941085
0.22675123820906035,0.07619201043111445,-0.3768847795957836,0.35608413652319937
0.46535069696762055,-0.3220521559781203,-0.3538551175443627,0.6094657552186593
0.5058337107545388,0.13326170359104417,-0.8913186888852942,1.1181166812367
0.2635481943522154,-0.13556717833132292,-0.531288948456655,1.0881485738917986
0.39308439833810505,0.11451345893339937,-0.08572654743149155,1.1632578902622797
0.2591388219420756,-0.28956386775310244,-0.06407839596421472,0.9189700870103368
0.5399096172899316,0.3356626469509745,-0.463840137286175,1.021009708912476
0.4780026108715971,0.2224320417465464,-0.4066023259038397,0.9896627107868186
0.40492959076735,-0.5292244267341722,-0.6823012322154367,0.3758861880884319
0.38922060224301774,0.30056607962008997,-0.5012228247640718,0.7361891764344408
0.26487508085149014,-0.21374883568503528,-0.6636420725194632,0.39833126930713925
0.471162405642197,0.3394899511948388,-0.13003903189910793,0.8817680768409029
0.18253031737787578,0.2088589486167115,-0.5960654631500428,0.5988770211866267
0.5241832739631844,0.29323124433690084,-0.6674138916197383,0.35040772334917974
0.35725386093791556,-0.397137716660514,-0.5781756893428875,0.9541290853248802
0.18432043305036613,0.20543198235937732,-0.7602867206930728,0.7770882614770086
0.31694552196418413,-0.013029884323293994,-0.1579401154223996,0.84340301352406
0.33426597730037466,0.3435792380113821,-0.1574365554660483,0.8557016112249022
0.27036337156722623,-0.23617723098137022,-0.30210169932974484,0.3633974659907315
0.41145391241713547,-0.24314378817932253,-0.8730296513312052,0.695717392021542
0.46414636903682105,0.2605608537351176,-0.7075069234510574,0.8573689053900904
0.40529730664780966,-0.3146213148409235,-0.4337353885349653,1.1584533144949114
0.22992153976341118,0.09488954979174613,-0.6856154584742511,0.9449256744616266
0.5423995274786452,0.10177505514821361,-0.37444354237468624,0.3125637169708252
0.22820110643329955,0.21684198484133443,-0.7532483022267291,0.6077991500296038
0.6095867901579703,-0.3754209208074224,-0.10335695607523976,0.5758554178486034
0.41718242323724963,-0.10152794153443567,-0.7763908144829051,0.2721908173177363
0.5663922297316826,-0.10686879976630326,-0.08028356906372491,0.8083850138876028
0.5758903988840507,-0.2428480893446559,-0.7635349414002678,0.9539735783218259
0.3678433750379908,-0.4691133694053846,-0.6367730786056143,0.9469107448103786
0.5163702367739798,-0.24066991819003175,-0.7955656998053438,0.920760629019477
0.4327277358959233,-0.40767407795751376,-0.7511041527468085,0.42057379532435374
0.6000035515772418,-0.2043498249134948,-0.5875699726479189,0.26947121184280726
0.6051636983794003,-0.372687616067229,-0.20021862032151005,0.2793751827048071
0.5764291768510975,-0.5439172444449696,-0.5304641300340118,0.6400609475081381
0.23796993419974033,-0.4807038569022725,-0.5783301583947731,0.6091269427237143
0.5368174470589677,-0.2914696126308023,-0.17866306165814327,0.9521194268537527
0.5290544451245677,-0.30326762440344246,-0.2673782027354962,1.0808655548049342
0.23708479444714323,-0.0452217419673453,-0.34005485493503707,0.9099040957482794
0.485785502321349,0.09022359152625048,-0.8151017958410834,0.5856199694735053
0.341384287885771,-0.010996308925285803,-0.5697292939922279,1.1566356262887736
0.37590354086092076,-0.529672776010655,-0.7660677891580172,0.4496597546453813
0.2503740663183431,-0.44177853361850905,-0.4236342622246911,0.8856032904729033
0.3797094268738822,0.11098264629279808,-0.06515026424241066,1.1437516270747181
0.35039798749721884,0.017985218089420996,-0.7752067911094869,1.0238177076231465
0.26333651381178036,0.04164994144280321,-0.855801989585699,1.1228034015829493
0.3516479618941608,-0.23421927744013782,-0.12361675173280484,0.4940783710515424
0.6143015796516598,0.2966398758534927,-0.4481800408092315,0.7785240530922
0.20170610152591345,0.0854885956926773,-0.8002025826261175,0.8163663569061768
0.2055891272475727,-0.44685919822672815,-0.6009943692385794,0.7718236322694838
0.4173417979405982,-0.35059052498050847,-0.4735574546628906,0.2926697750745091
0.37520055339557346,-0.48843182079347924,-0.306528228930831,0.2573135194897547
0.2520053674700997,-0.06773163896934609,-0.23337933315628256,0.40720470529120695
0.3331169052000994,0.3010608129044283,-0.44309358403978516,0.6482322958235093
0.3912831948325125,-0.1075427793995537,-0.7853692551656701,0.985314924844159
0.28041928312341746,-0.23834129424481976,-0.8514789552753681,0.8964370783090472
0.1920035017044426,0.2550991352670495,-0.4257610617768233,0.2526394870332797
0.40590968821277923,-0.24353725894917783,-0.09570466501546504,0.39597331306285055
0.1721899842295433,-0.2294193287166248,-0.6160751229240802,1.0443683631073308
0.28747659078247245,-0.48166970234955103,-0.13797023570394717,0.7532585393368474
0.6034564631772049,-0.3812056057249761,-0.5762346429261787,0.3118898914373363
0.3700422530047911,0.1962381796078373,-0.05096054168401487,0.8571492106083978
0.5437116016354087,0.015931786196144104,-0.5133498027735615,0.7612886230096673
0.5219852328441164,-0.30072253012092864,-0.5667541591749528,0.5542256437095201
0.32035236847889564,-0.5438838319941572,-0.1673082659894365,0.7036950570843061
0.37845260042397394,-0.11375598096493661,-0.6091325149115019,0.8664325142908792
0.5825920817077852,-0.21150323796793724,-0.4617718741847638,0.5442570896147916
0.4359764442649794,-0.3829514415743618,-0.679370596461263,0.9872705533915666
0.5043958861587969,0.09737147565690374,-0.05954952263162805,0.3758468801523071
0.30592119661985995,-0.34847370281296347,-0.5194589953784817,0.27744334226291917
0.5303282603633319,0.13718172875459933,-0.45347620240470604,0.7115191514539756
0.5668682278006797,0.20032906148410534,-0.8677956035781165,0.8643763427179874
0.3693902606287033,-0.28694626739400886,-0.2775045324141834,1.1142449408042698
0.31138974433534117,-0.08789960521284501,-0.407288247479208,0.5598191709106581
0.495857163384674,0.32886307030237116,-0.2932514643836097,1.0232223609623605
0.31191277321590505,-0.5058446592028334,-0.47459462632181554,0.5256429859079023
0.45355640069845515,-0.23021372765095394,-0.24341919033035064,0.905509452233858
0.25160712384598927,-0.03753761103553632,-0.4071202466633415,0.47741579284033264
0.17385084324464625,0.07349138834794844,-0.09242561181335229,0.26842300513110784
0.37586822522902463,-0.3601223192764339,-0.15033275170522675,0.7400528113168721
0.38763341308853533,0.24896814939737766,-0.26057674965177224,0.5586574536948881
0.21308125202724934,-0.5016055935927052,-0.6268066610131716,0.9336494336143469
0.24450301275762185,0.1800533844086748,-0.6338405041811686,0.9972781280185744
0.3127092094375931,-0.04136058558579092,-0.6034511166168217,0.4045804010315722
0.41578536583974424,0.2601907409668218,-0.093598341695453,0.34753028961081456
0.1830916155278559,0.12476957639372965,-0.2845648860508019,0.7717248396960741
0.22268628247132122,-0.2928265926318173,-0.5637134155444588,0.36365207225713303
0.3202960064483177,0.1514844749308616,-0.34210186977893164,0.992220641724533
0.5364123546922974,0.33454988025103116,-0.3617302755930767,1.1859122873301962
0.61681151933707,-0.5096195719037898,-0.252272523984426,0.5148628796019079
0.20296375987385168,-0.03587728356148667,-0.43552491958735823,0.8181361951829141
0.4435988367467746,-0.15255661258770198,-0.8317057308439715,0.9131616072027207
0.4299406446749299,0.20307588885396666,-0.3359305140114277,0.25180124236988566
0.1781311354445223,-0.537998309444241,-0.6210617472765527,0.3404453794075406
0.20551865155742466,0.1932371647386133,-0.3128933433385189,1.0071220723532797
0.23453516568724211,0.32791614235613675,-0.7569541088923015,0.3028654711157746
0.5906935683282389,-0.239694014892599,-0.8595997631676383,0.6049000818677076
0.5021181833458516,-0.17033700025257897,-0.5304226531172728,0.842736460342931
0.5154093707118546,-0.40865004796040644,-0.6895671170180028,0.9564212963111113
0.2070737036382628,0.0016711526104440377,-0.8955765291484862,0.4821067159708283
0.34863501640025596,-0.0751309167723706,-0.5964101047165562,0.8371613946928516
0.3162650762052076,0.2822060914537663,-0.33650846943141133,0.9211123670151755
0.2187173538465184,-0.2665489119252649,-0.8434148843497644,0.25006017139818115
0.20355688325468985,0.10053945168321221,-0.2303069079310912,0.7074359179413245
0.23523506576072595,0.2979117090626403,-0.058800060010582134,0.3389468761366936
0.4847531984584078,-0.5058981271083807,-0.7846234762441852,0.9432501499400738
0.488450470504603,-0.01944526391581103,-0.177847123074505,0.6961055795108229
0.2723345245993971,0.14155882412559473,-0.060226794159346286,0.46378535620789224
0.24233135855967597,0.03808778779750521,-0.7213673702669566,0.8986618335200014
0.5597131471197192,-0.513413078344559,-0.5545646002277902,0.37484880624459305
0.5071150257705036,0.3040960085630373,-0.800649767203615,0.6813215328903477
0.36923646843803304,-0.5429501658868386,-0.5110840272794908,0.6808048191797358
0.29072717846381824,0.05983245320421615,-0.35973834738831745,1.1111387302693227
0.5493163801423159,0.16680936284448378,-0.6285440742611131,1.048629897025185
0.6084004680669443,0.08045521132425348,-0.2625704301155659,0.7899519853640478
0.3485895163151709,0.030373723695272914,-0.4494033775983725,0.42053592538086204
0.4882848208893378,-0.44334107329798234,-0.375186147075785,0.2715086601604566
0.5672978693989266,-0.21219674070250916,-0.3708247107616066,1.0650085363020234
0.5998847015280212,-0.28083752127602135,-0.7934592142991933,0.5081673974027039
0.30656183928621994,-0.3396428202373114,-0.0624691308343962,1.0658528028734848
0.5716994212001939,-0.37968026774078156,-0.32037673638821107,0.6383592731854815
0.4236582295570924,-0.2658534394121618,-0.22914478059012744,0.9386073022870461
0.16429117657886966,0.0961446817256485,-0.44073820065904246,1.1066055311616263
0.17663706778516045,-0.4094233424882988,-0.32003722772796683,0.2943480755933659
0.19441341580270702,0.11399291657647725,-0.3296435630421827,1.0893796295262692
0.4872868967658911,-0.08185323375823522,-0.05562307486446694,0.6112369516357279
0.2076145669749355,0.25423594091612034,-0.735582793179774,0.3170326701171211
0.2452273290839134,-0.20308118482866316,-0.29753084279940345,0.692349203057461
0.3294128021923675,-0.533431052147685,-0.2560960967283734,0.4309879024148334
0.3331674562575585,-0.3499898111940893,-0.1435047734980156,0.5972478843764248
0.3007269051619941,0.25777034814310773,-0.7654459181025033,0.7752376977011077
0.41058205710920836,-0.19058452611620103,-0.5369711739511779,0.7354817326706425
0.5645649720951944,-0.2612811404416388,-0.25155423101733454,0.8949322440198904
0.3807883492156726,0.16207944703913124,-0.8541463464694092,0.42581520202803025
0.1642472128201798,-0.09170419416723063,-0.632259053362358,1.144649609507308
0.39478245705679477,-0.3584746952984893,-0.15430203389490982,0.8330708891179655
0.49103145013147365,-0.25038112240775945,-0.6592168947606047,0.72408977479292
0.28050298928665907,0.3308883569704786,-0.5415117915486471,0.3497030147618484
0.30206585101247063,0.08742929916257303,-0.37863493486315447,0.9777533715731781
0.5055269290016788,0.3002057350401963,-0.4113304131735863,0.40106261323391945
0.29310023467322066,-0.28276570384644195,-0.46444896996205126,1.1398428460956187
0.49746216773526764,0.13286175394159072,-0.7401072078619164,0.8496398880335834
0.18617134022448242,0.2433018797316202,-0.3580336327136454,0.40143077132982935
0.5433430209867915,-0.1005207921027888,-0.575545593114724,0.6887345605287689
0.34386256245736424,0.05343959124121056,-0.6923551207380364,1.1709998042767913
0.22849601210339485,-0.3636378875541112,-0.5572509181783176,0.39125699617223564
0.22471370572490898,-0.01988119432091462,-0.7793257884847218,0.5286344804799887
0.33314848220951887,0.2526003646281244,-0.5297086829571864,0.422580916061249
0.5190399188344385,-0.10626120489963653,-0.21698717703449566,0.7174776693572793
0.35869881146892535,-0.000790760156163528,-0.6194956481297633,0.7169252167608142
0.202979167542523,0.3404315691812333,-0.330482962815125,0.5456250478864619
0.36718657634675245,-0.46232116929768613,-0.30694072800435657,0.4147433699113421
0.16979151007683402,-0.3874544016409834,-0.8028080807647603,0.4524728653409246
0.5849558377878489,-0.143727061304889,-0.24844632523466814,1.007133175235233
0.3609771522398212,-0.13752618388017784,-0.2428123960381785,0.7914779387070667
0.387407338905701,-0.42546730658152754,-0.1712955861092561,0.8556774626222745
0.603217973242165,-0.5013826344565661,-0.7751787177273242,0.6339454591370274
0.5564780481861216,0.02055823333839213,-0.3919882647502131,0.5830842997751455
0.4556838300765761,-0.4576746265078438,-0.7019140649013125,0.7494151921529707
0.5176175808472946,0.059856720882370484,-0.7982594397592698,0.9548919807241352
0.3902891021054433,-0.19940234181667754,-0.5083899343410867,0.8531113176628302
0.3007068040218037,0.25022710659632863,-0.7494294217888313,0.49011562456043434
0.35536561467338734,0.32497246974125593,-0.47447508556612455,0.45487634672819455
0.37077528208690946,0.25392541852885864,-0.3399513409134458,0.9309135984770123
0.60441923203029,-0.027013624422009164,-0.4663360313833259,0.29304434554303105
0.614376320501204,0.20287527840457464,-0.563500235017373,0.9451878459793828
0.5090683790046827,-0.5271235987932458,-0.7758540724670692,0.2825736877032322
0.5931979216475225,-0.24587056724806916,-0.7875353829690225,0.6989909632290364
0.3573297942141192,-0.5441734843995611,-0.5366956689687197,0.5707872009545993
0.3678438233022737,-0.0673657103103461,-0.18608807922787762,0.3827718856861939
0.21075783593794606,-0.30990145659606716,-0.869041412077166,0.6821627234965497
0.2782728865974655,-0.4058097515993845,-0.18476887359736316,1.1415844085479987
0.18826342338851218,-0.2869468291773713,-0.3652398196142156,0.2598841466386017
0.33538705759522747,-0.21764724295069476,-0.1335093407169501,1.1231989939704672
0.19751801899376503,-0.35777146504458146,-0.19077485305017172,0.8254094438993163
0.5401733373586248,-0.0234809311284796,-0.3951461853563544,0.5269755528340664
0.39553168249856785,-0.11261922365775351,-0.47633594476728397,0.8849888665663332
0.3178761214967216,0.020080604888886078,-0.0989176006168555,0.8022358915372776
0.5240681920402798,0.023576486216251302,-0.3489679000379743,0.27997190309026193
0.3402500364099131,-0.006833795935373366,-0.07009471580429483,0.7807003484213365
0.4853488922679965,-0.35220635809958567,-0.6849844850581528,0.9041156557738306
0.4760087696401264,0.2914155364895351,-0.22040681043537869,0.49422251835276065
0.6016412801773252,-0.5267974127241298,-0.38803348562161566,0.5083216740430707
0.4098760430213143,-0.10114367611694963,-0.7426790832236851,0.33458031023704415
0.3218348455800125,-0.23230574511075347,-0.2128151121839359,0.4372651329311512
0.501263889057569,-0.23383756290960134,-0.5241619147723822,0.25329917097828014
0.21412597382700493,0.28851234056194,-0.4933939100368636,1.0687732058111024
0.21303653558122562,0.3111644150746643,-0.7524341009804049,0.5186228954431132
0.45223131904979474,0.11397173620929824,-0.32963280879048484,0.8478014037327841
0.5443653315952357,-0.26892955445613853,-0.5584297453032394,1.0587825627410918
0.37213707787825123,-0.011691941245504656,-0.3864103433052636,0.5164678540196219
0.23519042461051132,0.3319556223466398,-0.3493209809282001,0.25701029486199045
0.5476221208203775,0.02280432061358506,-0.5835434491711664,0.40330242093688434
0.18540312670785689,-0.24100192749875582,-0.6581930881691815,1.1420337120671258
0.2860501367578971,-0.28973254990911657,-0.12149949852318187,1.0941768491562998
0.34837487293505387,-0.04581041985480827,-0.8735817532654523,0.5755418515613259
0.4521780676778534,-0.5137691867272715,-0.29119997713999957,0.9801348355183668
0.6030892429699096,0.33035725440947394,-0.22252238587322648,1.1604042310781812
0.5552297150075899,-0.11332785408035673,-0.7163701910456601,1.0822204260943822
0.1966662332077731,0.18105172013763682,-0.12756189884746838,1.0347867210452826
0.2973946155892232,0.23024021473008272,-0.8038661363951731,0.32534742163431274
0.5096229231904619,0.3110594584101797,-0.6741299541298091,1.142158855218717
0.2389893984097295,-0.4821610817523607,-0.8504517126964981,0.4523728846313785
0.46818216780625177,0.27499063903041,-0.5443984169819627,0.7235761974279836
0.4123443649887514,-0.5035389304116844,-0.19164194052181893,1.180937330227234
0.3157874134007781,0.30159902717295617,-0.8456842332865823,0.5260398230456255
0.5482184301317135,0.14170799516019328,-0.5855953161604726,0.6682195061598023
0.30283951838266254,-0.3525037921374583,-0.851002302245796,1.0084670728487568
0.4913752983824946,0.305753363546003,-0.5889970461114744,0.9655518830653703
0.5125604443359869,-0.41075757751277164,-0.5442032779316384,1.0074826527155698
0.458369030669212,-0.1581181873269487,-0.421146005449484,0.798265511208327
0.36735131187907816,-0.04419000565987574,-0.7537900663609274,0.30953130748740393
0.5056343356722864,-0.49798819349654483,-0.07992820982274484,0.45260859110371354
0.4573562345090426,0.11258526284207937,-0.8723747286503911,0.3011863608126917
0.3572117999852639,-0.4831824847021461,-0.6105736076810719,0.9920191170703394
0.24135473378579153,0.23671962313506556,-0.8997007356305436,0.3269126508233905
0.4555573909195799,0.06319399677214133,-0.5389778727062211,0.45261167437803185
0.5356598170105046,0.15614391515067383,-0.27094271536908243,0.3634948709996333
0.4412723587997388,-0.24126798310904324,-0.6853209070296802,1.0728615899762457
0.32757095911477774,-0.05566350874349607,-0.8571586154235211,0.33766564472246896
0.3120103077242772,0.004297062840349475,-0.08490011906666706,0.4897846539074896
0.18380709478921367,-0.5187906696562093,-0.8295602960254502,1.1242662875609035
0.41251704132846123,0.025286151124871648,-0.7441114835585885,0.6685283772096915
0.35523374175422984,-0.4651561832317591,-0.18735113587788033,0.4236730033567305
0.26455467172968405,-0.5379369040113565,-0.8558422644621585,0.4009766646369246
0.38929495632971206,-0.2033068862213256,-0.5996537688090149,0.6781662113076179
0.33951256949948994,0.32540267182668936,-0.2596859525947386,1.1352357785516398
0.5581294183439321,0.3089918967988462,-0.511622198551074,1.0411619892476431
0.2026433116814062,-0.22049750630619064,-0.3283322503223123,0.6010016947391409
0.47726720699337366,-0.34560698459399575,-0.3398720745117809,0.39905931303906805
0.21650027273846986,0.018925439104075292,-0.42433644877488147,1.0733715958634484
0.4540499106732705,-0.1313467264984715,-0.16566040034968155,0.36975197038110574
0.33933545970377227,-0.21981850052227614,-0.5851269665374974,1.1354964412233983
0.5429053358044501,-0.08144309190927995,-0.2934368925179516,1.164130012229695
0.5726294762545528,0.2352261768702263,-0.3378720625553796,0.5245494855034117
0.48156561457749747,-0.2560566374320912,-0.10963619670962743,0.4859088304330825
0.5904028173276902,0.09596954456653672,-0.6609961428328581,0.3547518871242984
0.5404021555713348,0.005997786123626558,-0.7007963419045451,0.3100994424796265
0.3751952967177774,-0.4563461634566831,-0.5033689766920005,0.3380090696851905
0.5692104559574909,-0.1881866874634051,-0.7158034845689575,0.9937012114992014
0.23321429104053756,-0.2651994929400139,-0.8478120290984694,1.1072117455142396
0.5999756933323135,-0.1175196642979886,-0.2455521834003882,0.8403608060579614
0.3314614910372481,0.0962973877530574,-0.2156479675852363,0.5944460049916007
0.1893921010111119,-0.3200211327884186,-0.10162913253467387,0.3563005698721434
0.41934265575057683,-0.025442496208007426,-0.25791871784117126,0.40958720170272883
0.19888373963873837,-0.0357310336379395,-0.6963307687723871,0.37591435262075856
0.5765971490474462,-0.33026642679964957,-0.7982650206718356,1.1772989137453194
0.43315766862923066,0.05994633658790782,-0.5078145412618864,0.7179705843376192
0.44791262116763675,0.31020130979521043,-0.261623087799951,1.1810007733814132
0.19847795492455655,-0.10758306936750317,-0.15949624436086507,1.0388893610136414
0.4595508096381713,-0.2525247157538447,-0.17456708048162894,1.1016883151834747
0.2836016005744308,-0.2523058969731029,-0.11583363516498568,0.8615211051043927
0.2441947822640524,-0.05657027713189383,-0.2890555909099414,0.8616472203876258
0.40176733060269887,0.16408297105166791,-0.37543020748397204,1.0058894245819794
0.31372957214030794,-0.512605639841631,-0.6160319455439693,0.7147781279677199
0.39657579867907305,0.29759952409506996,-0.061974306639634436,0.8673295108414623
0.4758180405340242,-0.10507324070914581,-0.15678495809848725,0.8487072810205154
0.23277168164430972,-0.2923870179458645,-0.4847048575641829,0.9770618659411995
0.39972559680518177,0.2527093207933676,-0.7736555087542836,1.1868921911965709
0.4782325721574322,0.2530812681966347,-0.18058635839342851,0.4819816892556894
0.2020919579642116,0.3320670772056846,-0.8849313678246244,0.8469338752036049
0.518234283066359,-0.5284134811378207,-0.6970647935394471,0.894358261676155
0.4584511724773144,0.3305132415243349,-0.33179345329757604,1.0858945027467666
0.3280715411276708,-0.1782021247522102,-0.2764955062819131,1.1107880542462947
0.5282836863790971,-0.28009310128227166,-0.5576393559897022,0.6493246482029789
0.4352280785926953,0.2654342863224942,-0.3617056017051211,1.0195174532728006
0.30545046338748844,0.2626905529686788,-0.6974816736030861,0.8425258649731809
0.3171076408583442,0.10982267741884477,-0.35812564003478886,0.2763372464830078
0.5153588288901103,-0.19996285512541623,-0.23740869251791874,1.01123696385341
0.23959610609912618,-0.5108808442150219,-0.38469388347390965,1.1345591903466818
0.5059547891066126,0.06799173271248404,-0.36836773200882955,1.1262041198771904
0.6146476900104204,-0.207434846170712,-0.6825975528199738,0.9689447120062402
0.4207222558605377,-0.3295125993025941,-0.38430294887896044,0.2834407975955752
0.5944684218752334,-0.0523041587284267,-0.8821377206213409,0.519765604830282
0.35637762916372895,-0.1346941745046747,-0.8834235931221062,0.8364821010794066
0.3418219728546825,-0.046799296325176765,-0.8765058628326519,0.7713844940838094
0.6170276926437324,0.19043996077351732,-0.40622268706629516,1.1433713919567694
0.37163886617942293,-0.5192935707055708,-0.46212609378281716,0.30997668226094865
0.22675250450407758,-0.2713961390221168,-0.7099144786375461,0.7612674004591297
0.1743791321974004,-0.37256373595733716,-0.3027536473021033,0.34051324665572313
0.4341195997897297,-0.186477439657882,-0.2273611729040228,0.6617764972708482
0.6083905101920776,0.0850454481197751,-0.22842347120687834,0.5577190832955962
0.25564485442956364,-0.545864461461573,-0.46953669480205146,1.1468803777452377
0.21852851847538945,-0.26601319558992587,-0.21125168462917032,0.981102206470589
0.463819973623366,0.13068735947375076,-0.7382841989828685,1.065616254579676
0.4828715882963619,0.18270971932880697,-0.5261871694676534,0.9335234888092242
0.5928196897424806,-0.4032539532376411,-0.2739264598015394,1.0307938241470262
0.49408425841367476,-0.1979504424748309,-0.6922758501548695,0.26980205243243116
0.3961055796252153,0.18614072498370915,-0.4736490449920825,0.981519413899396
0.574548993507467,0.1376480306238329,-0.720814501271051,0.3986876155427377
0.2817354373772002,-0.4364388017640428,-0.24970290062187206,0.8951132263475908
0.1662451724445288,-0.35272100567715153,-0.2909093354914518,1.1862851912836934
0.6158168024883998,0.0722587452575385,-0.16315539113353905,1.009457078373349
0.1980614306525685,0.34179085329227143,-0.3354992797299833,0.9886422448337534
0.6056063178532853,-0.1294258522812679,-0.6389194470529063,0.8568323355015656
0.43150080172624516,-0.41743683772828866,-0.8084234678995617,0.5854554951143455
0.2543183818307202,-0.4934016221816782,-0.1403395869472478,0.3287200238142306
0.5666954628477643,0.32403765627800274,-0.7066879606291818,0.3600366488114709
0.518153841340188,0.25326400369338764,-0.5266097892262436,0.39853478309231505
0.5171291803125201,0.004348642161595917,-0.4765169614764167,0.8011550289162206
0.3003290415076568,-0.41290183636181016,-0.3564926479252124,0.6188483314255665
0.35168495097229563,-0.4957076743603785,-0.14310618687952803,1.0864821879755482
0.5916114851049383,-0.39341215805214635,-0.5211859303606037,0.5834503621788181
0.3200710413423077,0.2638377701056346,-0.2844690839992733,0.5789218522660692
0.1648755727420531,0.21622034975228122,-0.6237815910145097,0.5918960371177908
0.5884534714152286,-0.33722907032270655,-0.20861629713639873,0.5688773789072433
0.4429543852182922,-0.4971229973891827,-0.7730581916313666,0.6530571386756299
0.4783165065326146,-0.4860124181250177,-0.20439968565280742,0.4836228301679184
0.5763024960310402,-0.46083999652441315,-0.537967677920189,0.5490118333733782
0.5395873933362183,0.2853711632668915,-0.320397493006239,0.3328319181278447
0.18109666205356112,0.0652187374991755,-0.8284353868870907,1.1061932037749989
0.5459291054424592,0.3193390521532562,-0.7561234309892721,0.30877846317704727
0.6125702729596356,0.05034608643295224,-0.366139228744917,0.6452025916372226
0.16229570870741755,-0.22894511594715233,-0.7706207736410334,1.0276230193089422
0.5870121743954994,0.2335129866212281,-0.22224490858426438,0.5571073666334326
0.36276009060617576,-0.49637218515762055,-0.5480649181259778,0.5143978856194735
0.5902043555921674,-0.2876695081174574,-0.641994905430201,0.8136645495482662
0.49514592781904,-0.08964105285356755,-0.30223729726652204,0.3515532484093415
0.18657936942648481,0.006247026469059946,-0.45051496583802864,1.1746544537982988
0.543693511646254,0.10426658037903758,-0.8592382294130242,1.0299062570372495
0.20786594676066325,-0.313489662012032,-0.45006067065533484,0.4831072700768907
0.407450817508097,0.2172042095743577,-0.6186834513171465,0.6402511571642135
0.3843737204124065,-0.1821725792740485,-0.5970891801801185,0.2891915555114815
0.5722053655635191,-0.4315716989123063,-0.07239603640857462,0.2609982787443722
0.45910098648984776,-0.09246185861531447,-0.7439402815431754,0.8089961372994448
0.4513768197053749,0.0011919141070919625,-0.7969481663927165,0.37717537071570095
0.24779790281860342,-0.09877925285998229,-0.1494303957926103,0.7101701698985929
0.5926445985913892,0.06453071287527645,-0.25206500392401576,0.6421790640524344
0.3905034715675255,0.2344489403637292,-0.5252490593391341,0.5324198419273931
0.4608082246232543,-0.22282601290993403,-0.8895671513524983,0.9993449341473202
0.5679640362958405,0.29855350363161604,-0.16422127825329658,0.31786205067408047
0.37052923316800057,0.03143451384242524,-0.14763670070006674,0.8937345022373975
0.46979950899370015,0.024010317904553102,-0.6598339555444831,0.9142979603718471
0.20590142865554775,0.023417640904753068,-0.17575208489066618,0.6266346491590941
0.35555875522350644,0.33167887848588207,-0.6735894091417016,0.9755760536081928
0.24286408779526789,0.12392819211799833,-0.8815088070720021,0.9956131013356526
0.3069830960818348,0.24718218364569244,-0.1202351753145926,0.3780278832166266
0.18766060685018987,-0.1444646676171752,-0.3995225112709161,0.7878209123039583
0.5280383406540221,-0.031583362368098,-0.16357921641456608,0.43585583948928575
0.5584580293688446,0.2657192560442938,-0.19436289449858368,1.1545562452151328
0.39122435065259964,0.21275396333300878,-0.14458547160205193,0.3518577450150855
0.3405285419299849,-0.48021853961890537,-0.20326741064867238,1.095732326800867
0.3037129662013536,-0.007999136072272539,-0.786808585172872,0.8036465536113202
0.45640514679663946,0.3160860962164256,-0.31725787697850105,1.090341751253423
0.3248986965522227,0.2638597443490268,-0.8163928215622422,0.6990750492721307
0.42085886402329586,0.026418841083417854,-0.6323918045354386,0.7048643061310917
0.3741836889593999,0.13458184223820924,-0.5789462788746008,0.39374043491023136
0.5774602618478148,0.029525460902849465,-0.17939168373772663,0.2509680472456264
0.5202832193837399,-0.052275789577842846,-0.39060622059309025,0.8464955987345274
0.6016845422710044,-0.168828978629307,-0.8468117198992412,1.0282464190869391
0.24335988706476053,0.3473567212374097,-0.487453041481776,0.9537441738209853
0.2583857433539049,0.23108073435150045,-0.09652497597352239,0.8991349686839865
0.4571762521125705,-0.34260637998596316,-0.31333231314955434,0.8821046332034834
0.6138182426888268,-0.03513109739002529,-0.318409686078876,0.8855061436584483
0.5116601504107784,-0.5486831709580091,-0.20166108841828667,0.35922013471555336
0.18116468902029786,0.31015948689471595,-0.5014690653337195,0.5894106162447995
0.4142267910895,-0.49177477276305254,-0.5062807555074937,0.4137816391876431
0.1850733946614263,0.3446729604812291,-0.8632022173909012,0.9367211325423572
0.26968495915317386,-0.34223475221210115,-0.26380557717080666,0.3715999576068201
0.5938695213249473,0.06576343005254659,-0.3604897577758559,1.0855500144770127
0.43369736142836357,0.1372187027420263,-0.7091605280481762,1.0970913439920948
0.5350390583232012,-0.3167433700829158,-0.06067584713325991,1.035191387425542
0.6047893232410501,-0.03287605549828354,-0.34530863049774074,0.6824566203834381
0.5353060239289587,-0.32695803547563884,-0.29536931155853985,1.155856624438703
0.566596397671776,-0.19036912240148446,-0.7369832251901591,0.43029477539040545
0.5811386727111431,-0.5264544499541948,-0.17962736080501163,1.164887654349429
0.22921992636907632,0.0638732242166078,-0.1962733059621694,0.7630295007547852
0.28118907383692243,0.22036811638418974,-0.7008474640644324,0.45103279165596055
0.2318441028898509,-0.38558419124130355,-0.45916432935247703,1.055578520162491
0.18339942175378238,0.19832914453257633,-0.47383845743801106,1.1257238236676743
0.4695206911591988,-0.4150130038849331,-0.38293003987521035,0.41249324382120856
0.5982924503109835,-0.20064333124234474,-0.772826759390108,1.161021617181718
0.28072598966156914,0.050431641558887796,-0.5789172823766049,0.5609627030818578
0.5265820798766312,-0.19750470417963384,-0.6848731471561342,0.7812556312396626
0.5230303427081142,0.1092903439986812,-0.4523333471571357,0.8427391837785186
0.5382463257382413,0.2792453055877254,-0.5704611770200556,0.5452537041076272
0.47411700921266176,-0.09053475074332695,-0.8802858779391234,0.7159342776527542
0.3360270445726955,0.1913400259007373,-0.18319294093286065,0.4926570744132919
0.2506251016347227,-0.023212629566564558,-0.6736557487158915,0.9931332289841535
0.5989767123308581,-0.4635596282596457,-0.46581060955507786,0.7385264617055992
0.40050820981679885,-0.5201579593152672,-0.21254333425522065,0.3010894301853787
0.16349053393998086,-0.22044252506421402,-0.8295880719699078,0.577603914024823
0.32560268015634963,0.13092172137899416,-0.5333452753693833,0.7380419288045714
0.39501837237910287,-0.2727540364974,-0.2537885439403681,0.7213034898073634
0.456180467632765,-0.0360154414998759,-0.3431120773884837,1.1368744544115292
0.49061413785001273,-0.44619696997325076,-0.5526008715275945,0.9314149374028111
0.2887260772140432,-0.10656697806299886,-0.8982346276256667,1.0988362936285356
0.5016010091460447,0.08519168732349758,-0.6611780773734148,0.7455825988989329
0.2888297553825467,-0.5429027291515964,-0.4411384651485289,0.8606296906719404
0.5895619138998028,0.308770426700094,-0.5909395769756409,1.09315710507393
0.32322737155995607,0.0168932339751261,-0.34163547112396486,1.0747843604737644
0.29051476579300073,-0.21996695537709304,-0.8709554789417595,0.7086043249870322
0.4726646021386486,-0.3249573132572633,-0.6844461645883833,0.47892006039622825
0.41401158052740117,-0.3870008407442822,-0.39403060500363796,0.6211825337479976
0.3272747691946697,0.07513246474616819,-0.6533138772560279,0.9541535310573546
0.2698322765990529,-0.07439538660509448,-0.4152232358068388,0.28789016138516077
0.35580568691105585,-0.29090593014096894,-0.18404055476613912,0.36150847630098965
0.1963329346042498,-0.1854338663561419,-0.5743973023657162,0.34935239228456844
0.582252496984367,-0.14279383897965936,-0.16196516601893107,1.1547408902436263
0.21889538451954194,0.0064281766793158335,-0.8345902536345113,0.33828241646201157
0.5099387290729681,-0.37866023845612085,-0.6578853981754144,1.0764538544831412
0.4096877363836391,-0.4686189489594103,-0.6223115955658398,0.8237131270415796
0.46307250460001803,-0.30657420803951224,-0.4150587792967092,0.4053232455261626
0.28128197308942043,0.25454529935749803,-0.05236860133544152,0.9524820473423437
0.30526192710596867,-0.16895820403181772,-0.6211701032665891,0.9828167076284433
0.24866310134478709,-0.3196984660178367,-0.4713747353025459,0.915729404604112
0.494812559529762,-0.47627577416799005,-0.28852390947643347,1.1648494652412176
0.3317306234443249,-0.4464840282053591,-0.5379383648759593,0.9534510066420337
0.39449201371861276,-0.5176066596491735,-0.4444947169778268,0.2676821077259511
0.5186247019373083,0.33516460177069596,-0.1990354490420978,0.8438613097472292
0.2922189901749319,-0.07619496079873533,-0.35543900834334397,0.5012758362726303
0.4244617555906267,-0.336149994528811,-0.8263587508837005,0.8436057155735138
0.27325505487078683,-0.23588561746404008,-0.39428630998580605,1.072810646962291
0.21560787429880618,-0.011264159665864804,-0.4034765433193866,0.9350699822347869
0.4416360058719725,0.2534870771131478,-0.28897604344564987,0.8701219840550143
0.37144470181657174,0.2727860073691881,-0.303308148273031,0.8271165077201534
0.21874829635562157,-0.4511925009971415,-0.4525520912069169,0.7961137479266287
0.5070570799233939,0.19485550474431346,-0.07305841236117572,0.7971035262788904
0.18902443900423815,0.07204293072374701,-0.5231422257677271,0.7275277804922273
0.43814787935792376,-0.4650175135724804,-0.6919900558943208,0.6272381306821828
0.21266897344400845,0.20190428789357007,-0.10662162479379578,1.0462321958387844
0.267454426481911,-0.0031864039579641013,-0.7394741871387687,0.6632827010697588
0.33059958583970006,-0.32241494574305074,-0.550730526188316,0.6282566825106561
0.16069433114622197,-0.03873246888359172,-0.6816080016938013,0.6737759859236983
0.20851445963989784,-0.5313976209686992,-0.45995823404610847,0.8778643357768303
0.3451448164828662,0.04426111777288788,-0.13634917202248664,1.0805752778957343
0.5370058016585633,-0.47283819920110437,-0.7445612777914802,0.480277032188362
0.3254482309211081,-0.04029949214493089,-0.44961778047196505,0.6210976744381652
0.2357135313705025,-0.4517792872269123,-0.8214212535395513,0.3348397200162033
0.20634926475106696,-0.37713314841709267,-0.8265371581464996,0.9275979643454999
0.5358528010794512,-0.03482596472998001,-0.5251245793218616,0.5167667746751614
0.5087873546716097,-0.45372698875704814,-0.6494858838641748,0.33374681634744563
0.27947746932951345,-0.5272912628808568,-0.3127948763614896,0.7403438846697286
0.23480163693447315,-0.05791201603400081,-0.12949892316569456,0.5994682006051667
0.1839393757988361,0.11317105764488311,-0.6772309990486577,0.6503840289127485
0.43095616728827113,-0.21923256318913292,-0.39236529564026934,0.9855538915109399
0.45770307526674003,0.09450916081671623,-0.5422090621945452,1.0801925610219052
0.25051438812068644,-0.28585137015768797,-0.07851533786185916,0.3498014855115845
0.42234936564930936,-0.3547925291723498,-0.2605827720014965,0.7989303835788544
0.25259624882332293,-0.11962209168529192,-0.891345423833005,0.4118819438988497
0.3091015110166887,-0.1703958831737798,-0.5451430625037406,0.7635955756930433
0.4547482229290437,0.252406636140293,-0.13184898355759378,0.795109001360985
0.5979472143537027,-0.21826576059157976,-0.2154407737147298,0.46539296195861934
0.2904733583632716,0.06348885739828247,-0.4165185895199807,0.5191786828950827
0.5101988505772004,0.3470699021408665,-0.5707521971721756,1.165069958784824
0.19922795272596913,0.12919720214660435,-0.16259789959742044,0.6894989311970934
0.22840290039268518,-0.09108955382279815,-0.5862020786443556,1.1003278792384594
0.4621058160840894,-0.0938727771924881,-0.46317139819524306,0.44821510203829273
0.48893105495691047,0.035922373653093254,-0.3681130943878418,0.33429547259379977
0.5489531953852917,0.07176786955948744,-0.5316351026301638,0.7448450608903843
0.3765856423825727,0.08323164052863752,-0.40533774602420225,0.6722929104559769
0.24564723242494363,-0.5285204559873428,-0.31182186498277686,0.687118269301539
0.45701757459847914,0.016129027189687783,-0.627764184802072,0.84448054955234
0.23983118524497787,-0.14687944754000193,-0.561246016236419,0.9432126428289325
0.4651151794091256,0.2814179080582596,-0.07826512786729567,1.1324455781102079
0.4945083755646317,-0.06712753296849422,-0.1360638933994659,1.0769697562549423
0.6028411886153281,-0.3672310362513939,-0.8971204580946089,0.7528230146688597
0.31094209850031485,-0.48639212373998836,-0.3895008783333266,0.527256428059468
0.5278180665828258,-0.3791503753840718,-0.23139643346590477,0.353411745757739
0.33286924020010544,0.11086594286529572,-0.6454075937697252,0.4327228360883967
0.2664328144630359,0.16225851512812883,-0.09394045647227611,0.4606570905586451
0.48196382663548143,-0.5416349638963394,-0.4707933067853736,1.0118918409257407
0.19824534058489643,-0.386780179361782,-0.1460444822093553,0.4970626539819229
0.4757837226807611,0.24163176335094416,-0.23222867920681944,0.2667863558078865
0.5428787618328452,0.20925579106576453,-0.65943317000234,0.5162529637990114
0.3859533848269778,-0.23820264014459658,-0.22498796611473193,0.8496628968511857
0.19477785294522917,0.2451747440141817,-0.670212277434184,0.43313527945351177
0.46127645552426244,-0.5355333431765823,-0.10783290428166026,0.6682951384389693
0.21715983875395117,-0.4861485986616276,-0.3920452404232325,0.9444426472298837
0.39775016647688355,-0.15151324647052605,-0.5624348233656298,0.7844290026261358
0.5675618852620233,0.04484154441341548,-0.7096499614987762,1.0980784783288797
0.5818391311684076,-0.44417363312382957,-0.5441788053782253,0.6838307095609455
0.5773121080384965,-0.07626714879198415,-0.13213295062954855,0.948856841609552
0.45272684579832256,-0.31296104116247364,-0.5436191830731332,0.9291916711697257
0.49172173943658914,-0.42186638283671496,-0.5958292952253597,0.885672005916345
0.3373119761704616,0.04710376631691304,-0.2548187392455542,0.49166374971086757
0.45901487748785863,-0.07929186589574444,-0.703452146855072,1.1721483389305143
0.3690040259119298,0.26961680847800473,-0.8237264682097926,0.27069212277426663
0.5732340265973239,-0.48171031346176885,-0.3053785985634442,0.6422453186429511
0.28329625926131463,-0.4769660135702686,-0.2024622818542473,0.4998131131514192
0.19028288726704495,-0.24248608038954894,-0.7744326534042749,0.6363320661642902
0.47033353452476845,-0.3619947213193692,-0.24724248564497264,0.3257482760834658
0.4358253031326783,-0.1603691995671726,-0.6969179187429222,1.0153454865186304
0.34612017672419654,0.11919493490418354,-0.20473380716286926,0.8399007803721752
0.5159949056665953,-0.36946436823956563,-0.05231945216100953,0.416484175598199
0.3839668175484252,-0.3788881160768748,-0.6390758618541789,0.36233406954917585
0.4490567436408265,-0.3089907348770643,-0.07407807671084321,0.8161672175272927
0.5525613060453026,0.21816037115078213,-0.7210705487348885,0.9214281854062711
0.16501136316059897,0.22994957280278616,-0.3026787868713692,0.5532644357612668
0.186357944377205,-0.238515302374187,-0.6342789989599904,1.0751058771535018
0.21179952335245142,-0.48001903033294835,-0.2242594677377684,0.2955806469181659
0.4244921503362543,-0.15984108743663283,-0.6394673381025595,0.8880601688016623
0.5458162688135405,-0.11865362132080504,-0.4448491191210374,0.2814179086245802
0.43828240272682806,-0.35305658456620836,-0.7751315812458651,0.2761574217530752
0.33924745298163417,-0.476924467731575,-0.8210024046056873,0.9216607927582199
0.4895096761822696,-0.39150609449735,-0.2731496374181558,0.6016337879810547
0.5488930384514937,-0.2384651962758242,-0.20210421656279642,0.6037651577266697
0.24696178277390188,-0.47738992135320457,-0.4282136663815135,1.1477626746599225
0.5282814483388096,-0.3115290829002188,-0.8106048930396733,0.8095765535903297
0.37692335513606795,0.2940862486829695,-0.21178391165939847,1.0594884269457003
0.2612283952655664,-0.07019532771549875,-0.8449275660418073,0.499408508272626
0.2207284857159603,0.3274153424576617,-0.08880297622187128,0.8634950338786701
0.17245514021869535,0.028476099366472662,-0.34540494807348543,0.5487886642673186
0.18252227001434992,-0.1355896347005215,-0.3894078428715769,0.835612692897094
0.1680387417393129,0.25542060447651105,-0.5573752369819222,0.35592581935812745
0.16934623348577643,-0.4161754506945081,-0.42546204484799777,0.5200840932440544
0.2697145552951695,-0.1315813017495907,-0.12655144235920956,1.1771072534627423
0.5279407956017075,0.08154218608577057,-0.32129337349522413,0.5899467698771808
0.5592579094912621,-0.44551986706564173,-0.5644131357617228,0.3108605042090802
0.19653667945221961,0.007211429874975694,-0.4990502374469356,0.844903869658767
0.3359335348453345,-0.4438990706493542,-0.1267260285896198,1.1461050582991819
0.2945560278613094,0.014847835077691607,-0.6896553591312066,0.845096339999623
0.5570091402230286,-0.16558902528950425,-0.5942749680528485,1.0842657333901606
0.5403589781341608,-0.49565991292510536,-0.3857039605792495,0.8337679833044667
0.6050144687248731,-0.44734967366944534,-0.303413850673829,0.7165477016682797
0.4534857344981962,-0.40284239263835303,-0.47509504731083446,0.8770732765015071
0.5030138923666541,0.18884112130435216,-0.41790863561788094,0.299242313753918
0.23680583447747455,-0.12859266967514654,-0.7738191338186611,0.9963835163245888
0.3584832880316724,-0.40972124696702006,-0.23754645392490048,0.330928939452681
0.36215446538457624,0.13872907573329707,-0.442378699526607,0.30287960380772716
0.3624714975001152,-0.28395007001513256,-0.8610279603721976,0.2749899802123786
0.3874436305767736,0.2789468718372663,-0.6213421932961367,0.33773318019383575
0.4257128976236614,-0.2848057138549997,-0.797404870708593,0.45782937965198806
0.319365007963915,0.18906485987003707,-0.5897404969091579,0.9872347891530988
0.2404155795091694,0.22839406325755007,-0.4218480570356541,1.1214612081898887
0.41987555768650353,-0.3003880019789423,-0.6922008148400404,0.5506120156586751
0.5573100603706784,-0.13771468280297738,-0.6782907106810634,0.7711302198889423
0.2088281215652794,-0.10901782904548452,-0.6634084182474039,0.9236043133303276
0.5535161180209283,-0.2886734719275492,-0.312293731016263,1.0857132741046396
0.2484569620009924,-0.28322679131428563,-0.5906627353869899,0.7175172994850774
0.4377650892957692,-0.3465863300355667,-0.8936223735677407,0.8195988603197192
0.5388922532656333,0.18194535206434725,-0.7702693379606883,0.350733900773865
0.3026345506096465,-0.3520386854486822,-0.7990219757471616,0.9405130324786624
0.3221419555485714,0.0798459634250357,-0.29486726627172755,1.0242979840668076
0.5502501353085092,0.33227272273830966,-0.3380063166784657,0.9790872489590909
0.3269322842952883,-0.46952506925662707,-0.8804616169251608,1.07250263778861
0.5065178646526008,0.29325093593363694,-0.5091954084578574,0.7183715689052397
0.3142237498752807,-0.12742780980674323,-0.27043777689977067,0.4013729096662728
0.3941613699728125,-0.29152600939228723,-0.20804824170794067,0.9028805806985302
0.4722253744204383,0.21872024993911054,-0.17857538718384414,0.5716221142208487
0.47960457128824807,0.08353545071846291,-0.8749848829524454,0.9232965748029063
0.1669519204012599,-0.5070209020463317,-0.29325798688662197,0.4157203280488304
0.3877459258740452,-0.5203079504003958,-0.3293163665351654,1.0439808836261997
0.485864411234338,-0.03707569643477959,-0.5408876606844908,0.6209711252449887
0.5396425771593086,-0.06578370068672634,-0.49729030907001387,0.592354303182974
0.5789734698548392,-0.33944120204512995,-0.807957685421547,0.48553052657024043
0.498394841003585,-0.4186391884378132,-0.2971646914550239,0.44846931335006446
0.35929326451356314,-0.4591880947599676,-0.5638646658991102,0.9850846427977977
0.354534443976389,-0.36036207660760045,-0.09719511365663913,1.083762972089457
0.26614903088228814,-0.17790889657852177,-0.2105083402653326,0.7537678296903805
0.21461292152153152,0.2672653330018965,-0.48807087014106476,0.6947782535447833
0.2519460997417656,0.05581964141510387,-0.6389402770720556,0.2729644183912759
0.22319347688783986,-0.1555962917655041,-0.7708263899400363,0.9061526419678867
0.30257574901727646,-0.4966494744441544,-0.8258234655001653,0.2700828808266103
0.22797982782723808,0.3436932718815733,-0.8523246864800608,1.1139521809618482
0.37322027688311543,-0.047709581522399125,-0.8330739481689782,0.25105539381977576
0.4516399675999516,-0.42991169893787395,-0.6063641860672131,0.27619673622118873
0.4952186480694951,-0.2346428597742488,-0.35217908217585747,0.5638415142986377
0.6065026273013693,-0.013177516700987324,-0.30773249252045054,0.6489541069496296
0.35707274499570996,-0.4024548346720255,-0.09149549025949899,1.0351096579933847
0.4597925439785685,-0.004321235537133594,-0.2288931040938731,0.5830960232810918
0.38142339361594935,-0.20077263398998274,-0.5975761454446638,0.8775793002552534
0.22963381045222542,0.08630839126791656,-0.5547184766239774,0.26886704600266925
0.5651812962112375,-0.4091877519688226,-0.8920372312635251,0.2769520639973584
0.5207315841690378,0.307084190410008,-0.4768068072334156,0.5954208939116411
0.3739766535556125,-0.18710350971006168,-0.8658241670421765,0.49435274755746506
0.2982199623534546,0.22619454128902816,-0.5526303889821754,0.6695726286065473
0.28888237138088685,0.3230079276259409,-0.2977737222217315,0.8690180678134563
0.25623921406118544,-0.11681944181348503,-0.45659385285194193,0.4148972140035788
0.28906260203170986,-0.540288902954956,-0.7011113569945392,0.43734362764471246
0.24793724283822785,-0.4122688237704926,-0.7188031604862644,0.5495988260113043
0.350722517028288,-0.003869841953157094,-0.4945646941203146,0.8719542036170486
0.5714614578650254,0.2328246628021624,-0.27260389815641384,1.1714513610252641
0.27466872299585354,-0.2217345295494369,-0.297714240045038,0.7150070529433666
0.19930432039224458,-0.3911091344342366,-0.6391320585757456,0.7790164122694474
0.5953922599562298,0.03519153384745899,-0.6197494007382962,0.7595842417673762
0.5413142171679327,-0.19345468166094953,-0.14254395835814992,0.5107851791418496
0.5685919182421589,0.11631772710797661,-0.5935148338820009,0.3579530113066214
0.29497098555498535,-0.2945626327981952,-0.3661603961131271,1.1388352206894452
0.6116931722239661,-0.4755825963248787,-0.3447206006466882,0.5617937930007378
0.3699887044442298,0.19107115189340096,-0.27744908874470664,0.3643309143241
0.5055147014182979,-0.4578921060463251,-0.40442781644442877,0.644486510411064
0.3221393382948493,-0.16331878335405198,-0.21655035050540905,1.0175791139698855
0.5704508226053311,-0.5322964849028431,-0.3781575742517471,0.2954740487599449
0.25168606905512775,-0.3424537751797205,-0.18001739194592226,0.5452887251221257
0.581511419270003,-0.26775878780477813,-0.6408865580513453,0.34990054086392985
0.537352683677705,0.3145803070066253,-0.08919802239497987,0.8627295826938602
0.31415747701122876,0.30785309626065793,-0.08093861542994607,0.5842823062852199
0.5983372358386262,-0.1550063279591341,-0.663697987756714,0.40795257320930417
0.21230374664082666,0.23289226400206975,-0.14134172876586126,0.4774897213279262
0.19913799665780668,-0.18605459936271312,-0.741480595842556,0.3198111527343231
0.5682620171011651,-0.5270459820634085,-0.09931458959695771,0.29599539668523533
0.36502405327747023,-0.096565507985728,-0.831930367756772,0.8048493564326881
0.57456451347981,0.03519214180278252,-0.229017814252102,0.35716837148017905
0.5503993074488204,0.18686786199017025,-0.512580297769484,0.7175736707755326
0.5426303000277857,-0.3348807467880725,-0.8266276831528303,0.5328560678425662
0.3929887070614215,0.03734135341816103,-0.3238564611950897,1.11654924794909
0.5593339697550066,-0.4485894054395129,-0.3754850846308847,0.42726011011665355
0.2066765261982397,-0.47884238902205506,-0.8181444551784757,0.5459594835068342
0.45269210751457867,-0.36721079693752934,-0.4387714558104784,0.5553962255446503
0.3679260115651518,0.18578271943961921,-0.07243706361089264,0.2803415857572739
0.5823923399981391,0.2653951332397828,-0.28427433607067454,1.0687803524249981
0.5916648295829376,0.09576725275780362,-0.6244141743872962,0.4125182304117831
0.1760924510854362,-0.39251678520083866,-0.3808569184268671,0.49357461622728815
0.28048228920297436,-0.18019333841222224,-0.08155927558736398,0.8714421271895967
0.4332323931269224,0.20266848275556848,-0.6829766698363117,0.36593987501074093
0.1870438105544474,-0.3453875313178416,-0.8020287829370809,0.6662803138836102
0.4331501754436603,0.2948115397159863,-0.626929643856339,0.9921151340781178
0.3465729566185227,-0.12742721889207892,-0.6727212445318129,0.48314231860398105
0.24482686238371787,0.055680501467205934,-0.5112036398975655,0.6006691880612964
0.32872624158253816,-0.45809884097196507,-0.43541748606569297,0.3694384338057041
0.32421570976436764,-0.12556921608779276,-0.20970546891983644,0.5865713321049006
0.6198991140077333,0.2158777529520366,-0.6841756150901722,0.8360453219137007
0.3625055036452255,-0.5220088852425204,-0.42752849262505366,0.5207921491678095
0.19715731971473377,-0.5166567664086738,-0.6630386449234666,0.8147058360018222
0.5951647168955178,-0.05133893488415869,-0.10231333809796173,1.0065736731596542
0.2312299148447745,-0.5146382263529927,-0.5433581250861861,0.774963851320257
0.27250671628988765,0.06947133942206163,-0.6911718297776547,0.5981968953454851
0.2980869815893559,-0.4578453060865095,-0.1921857163024847,1.145569251253007
0.29073271681262003,0.22946459001771125,-0.5689109204482019,1.0149807102631634
0.4800781624902738,0.2035688465892994,-0.5174491334483697,0.3111200571255574
0.5104235004678145,-0.22754964233719144,-0.3339287258888798,0.6780548523321892
0.6021525282202176,0.22512140372162825,-0.21818354489458636,0.9753891254739672
0.4845250554790598,-0.5386765117769455,-0.7354384595248253,1.0244979362525333
0.22088993459296086,-0.07973886579755413,-0.8732661009815821,0.8456571916957606
0.45929548083955996,-0.5379422447132227,-0.46375818965110177,0.33111924814834154
0.6173844706418778,0.09886975863088532,-0.6747628501407419,0.474845788868605
0.41003560755314294,0.09265852642171224,-0.6054241317088631,0.9487649172551438
0.5982825410081751,0.10889897595548426,-0.5160516798587964,0.5846742483944217
0.4565885512279867,-0.28752475256473636,-0.5750585644802825,0.35179043797858695
0.3627073397008738,-0.37366769679747475,-0.33454117577993125,0.40510557268777775
0.6050731715615996,0.10382207117265774,-0.41187793906931686,0.3070533560182654
0.39855434118477484,-0.12173166208689362,-0.5731528220895965,0.9835359628205664
0.6170884302089185,-0.04730746069464897,-0.10070611920616923,1.00719128612465
0.17418527787171184,-0.377890724585898,-0.8610079277320688,0.8966801129927291
0.5474124070662146,-0.21358274339757183,-0.8556941753959538,0.9759045182289341
0.2698337984426938,0.062130867663065525,-0.2162290662118842,0.3188783022802316
0.5329176009181437,-0.22045896652144847,-0.05364537535214742,0.8214362355123017
0.17435748262926518,-0.4157014187621916,-0.6683967676744744,0.7326072302068167
0.2751387473245933,0.22230863684900903,-0.4206118533460484,0.6160238114188896
0.1949544152287014,0.2751201908975214,-0.6600728808819845,1.082771299133447
0.25206195839134415,0.25624406158879565,-0.5972011097136822,0.2927228251529441
0.3391955708302176,0.27617429168217045,-0.5032753944939629,0.6111859067587614
0.5976373330045891,-0.309199339160268,-0.19292425047643957,0.26528313729288144
0.4287724865845908,0.04003089967741391,-0.13660343526299967,0.5335752593842117
0.37492553602841394,-0.4668971984678836,-0.12506001193259952,0.7429223410331895
0.16341169358465044,0.0657004824364622,-0.1285682965621867,0.7142630978221034
0.55903869848139,-0.09796734971003812,-0.8517308171007358,0.4321248145620694
0.5811089843027287,-0.01864531155398219,-0.7689510788258,0.8634409234151186
0.4156472883962362,-0.21221693851043555,-0.17417185186524997,0.5357426520108972
0.47188148530847596,0.2604596299297689,-0.421864833347225,0.46529754589267636
0.3924987997113081,-0.282370596909421,-0.26093060211925256,0.6510984921110086
0.5423455116948754,0.0971576931165744,-0.5850585012191805,1.0452994292922884
0.4066875932743963,-0.4933308056150364,-0.10858277337085465,0.5583662755037209
0.5740090624235745,0.16435192791720166,-0.7067940908192761,1.0714694793880302
0.3539260596251318,0.21264158689207235,-0.19543357261603878,1.18010797229933
0.617813923778959,-0.09313061522402882,-0.6202799677499329,0.810597952049158
0.45096224422199815,-0.3365043714176695,-0.5530877981221002,0.3119012951043955
0.416009677218259,0.11989112960943127,-0.11737090932918692,0.27482704415482806
0.38380807673626816,-0.1427227849006545,-0.21619578073437085,0.3310554593753162
0.42294016288647385,-0.03240070612215329,-0.6532896722915883,1.1848869842428433
0.3865297002693615,-0.35193166138935883,-0.3360917879854558,1.0715240994513011
0.5598159599054223,-0.00899155047797806,-0.06213774290145346,0.4811288398647282
0.6148757921229728,0.10001474852525971,-0.819646998537445,0.9497349431479435
0.3414869505457555,-0.07228462671504127,-0.5971401894027766,0.44707428480713785
0.1874265907601743,-0.20873350096123083,-0.1121138351325135,0.9373236314065597
0.6129960719980232,-0.5269702897342192,-0.36059269136497973,0.2798162420313618
0.3792560018679517,-0.3155168997930452,-0.8255989631586294,0.8964415377390583
0.32213446314877486,0.27190418052306065,-0.10367543461444573,0.30825243539542474
0.6161077832426801,0.2532501226041515,-0.2742682161043467,0.9144753225917135
0.3437195561497485,0.26084998528475334,-0.56206532622375,0.6069611816750512
0.5607666239618367,-0.18857684564138028,-0.11247854596985274,0.9513168634613284
0.5883759839477837,-0.5410566177998981,-0.8836032526484083,1.012665551671636
0.594428632083402,-0.18253650873245691,-0.7398483330005374,0.2606994727417162
0.19245090544111804,-0.09058053544938083,-0.45077615761172846,0.5930072228003201
0.4714078889875357,-0.5434352867792062,-0.8716806427875774,1.0784412925950113
0.19424738795557617,-0.15396497683067978,-0.3685318820886041,0.33784771694229065
0.16667979333299998,0.3090306152686284,-0.09390985975822297,0.7388661532923491
0.5429159334874727,-0.1553856000801953,-0.5554674221299776,0.9868702359803352
0.5265611373188879,-0.4939458548550204,-0.2967900882474108,1.04893487040078
0.3799067837651541,-0.07735744237589531,-0.21733785211922696,0.4329178066854266
0.18371477235104697,-0.45300951895447383,-0.8714373829580117,0.8797886785932294
0.3890835165482841,-0.26904060167487054,-0.4979234062380806,0.8265229567475216
0.25237431031617746,-0.3537942202995612,-0.1665019500716488,0.4053123819813025
0.5324225655547676,0.29656259255519857,-0.07415591556999634,0.7654008362306517
0.4900371565888896,-0.2862632492209263,-0.2156709207703622,0.3753711883901796
0.5514545243243391,-0.28090992463548625,-0.24451300901474726,1.1668803997677664
0.4524523807813581,-0.31866150585627473,-0.10369238476766407,0.3123499809212654
0.19877805207001265,0.024425312983865632,-0.7890197279651853,1.1665062441210492
0.4989727832287787,-0.5373822228252098,-0.6503036199984851,0.34556621595398807
0.26334035903443453,-0.4292368408983358,-0.07867495150829917,0.5153840432593713
0.31668449779935215,0.15900840198300636,-0.13368522921283243,1.1267052658546364
0.4282492852968356,-0.09712121312693467,-0.8164412652709709,0.9182328437709331
0.5636811169570736,0.19669216136903667,-0.7514493534552656,0.9123969630750637
0.3554829927146994,0.17249757306045832,-0.5053971408558202,0.8280420067227825
0.2110493629126625,-0.233815637801648,-0.5054492121873084,0.5873925758896712
0.29414824162445324,0.15098303472470664,-0.6040333734358917,0.5953038070265569
0.4749795304530874,0.25209673225737084,-0.7061788165388297,0.7395297642224935
0.4983961683946706,-0.524552569817879,-0.7989019344316185,0.3913052365793952
0.5828333706825278,0.04587790441148143,-0.4298269398300727,1.1712669328495806
0.43230450866065784,0.26826878169513124,-0.4773668071800742,0.6028342992091748
0.4515349230791039,-0.05614803469930074,-0.6125655428343615,0.6459919770285456
0.23099192534854968,-0.5151584583784028,-0.8764683545002893,1.0648372898782958
0.557748297211659,0.30632143669226486,-0.6596055157491527,0.35176378720261015
0.30205988876874246,0.31937149678132704,-0.20296473326794384,0.34300537550384064
0.5624282052062767,-0.08858107533015586,-0.5468144151088095,0.4631415703054921
0.5541339841275725,-0.2252190853657437,-0.7415055216529787,0.6348625576094524
0.46391672139829354,0.2024338549992566,-0.34834846927239593,0.8178675992923043
0.23586735480703935,-0.19427057327344832,-0.23862926703612763,1.0396906651444966
0.2383183942108527,-0.27297079726051543,-0.19390832580684803,1.1614835385681366
0.4031753350079287,-0.05548615585055655,-0.2738968388747517,0.8543305643935944
0.5977245798314261,-0.5200016196854211,-0.5506187328531914,0.3860340573767739
0.3332832935260702,0.3474587998428811,-0.18457687569901549,1.1055783748885162
0.5170769163926655,-0.5262540278907832,-0.43000817167812605,0.7749642758431998
0.5196172888992405,-0.35210258169404407,-0.8654899251771682,0.42074014291777373
0.5226443784181956,0.07884950530765067,-0.8380457151323784,0.6060374747582349
0.593017975327731,-0.03097113484120484,-0.7886872070072061,0.8265767504933799
0.4620786429459375,-0.4310120813764988,-0.07563226181791227,0.4988727330630149
0.5017824862106594,-0.3383620481663233,-0.42933871379376587,0.6704980240120282
0.3978529305568345,0.324707770185544,-0.8998733225377905,0.8788319563225344
0.5573892033404726,-0.11873968104159971,-0.6695939764603628,0.7943971436582744
0.5819831178952304,-0.29936337940125235,-0.6249426723973186,0.47512916673557504
0.5502402767027126,0.2327930972276564,-0.2745177319385176,0.5399899539956929
0.25539596415250315,0.3250142362264892,-0.5621122809860681,0.9658251665083437
0.4893284870697504,0.30811306520106907,-0.46152908398935816,0.3338396225096802
0.4042847441146782,0.19309527001034343,-0.14951346427014411,0.9401123591410052
0.3369169966184204,-0.13769820835638646,-0.09890449048526384,0.3998017395319065
0.17988201681606364,-0.35057864433183217,-0.4294824304148998,0.8581424594215157
0.197053090527241,0.250224933475218,-0.7330483366421617,0.7196905743315601
0.5376808347108796,0.20641779527377846,-0.26537749505879527,0.6213442997524448
0.20053161011812462,-0.07081949986611052,-0.6596242517707938,0.27770190887091223
0.3575341620693853,0.15832695315657463,-0.87106003292083,0.3240211917744193
0.2964677529430859,0.2351570014477965,-0.2946204851850951,0.8556567919494003
0.445876360042762,-0.1747350427889569,-0.532702895956966,1.0332811032737337
0.16514327183045505,-0.4352788253302428,-0.4045180595050537,0.909941136431825
0.2913343472463872,0.2808204069508038,-0.43763609347598786,1.022852568220247
0.5370744842768022,-0.41672733156495034,-0.35649272249850694,0.36830528589377
0.5844875923365915,0.049152293091806576,-0.869104007802053,0.6335899433113865
0.5540850499651766,0.08598940354762397,-0.7622920587017612,1.0385284931376007
0.22822658856681155,-0.4316351871815966,-0.211661694367678,0.8307479705437772
0.4247892995733069,0.31949407010901043,-0.562936247250166,0.9196413879276324
0.22828135643280573,0.09991939567108765,-0.2917442682962986,0.7008908798225764
0.32062137738467,-0.40109250337758134,-0.5874145251524926,1.0765221074490707
0.6042682756993818,-0.4992582684475532,-0.5087051963964544,0.7536976601625239
0.5518835732629005,-0.14864614113002267,-0.6681476263979941,0.5794057298970265
0.2583064196569941,0.21195225994399902,-0.6293631120559585,0.47971951357714143
0.34900698965784455,-0.20350749742692964,-0.637740319107658,0.2553271603222059
0.39803049261097834,-0.4920044490121672,-0.2955029372299065,1.0558123499165282
0.2958205693568364,-0.08097859984124639,-0.3259504572737699,0.9963859388599108
0.3011928741829411,0.3216725208512591,-0.4056420076030653,0.37629336277533243
0.3606841083644943,-0.03292418897530536,-0.6911191133127398,0.6463198822938807
0.3106147957406792,-0.14528493035545192,-0.08078902076183625,0.596509640309515
0.4471221092429686,0.32377551956467077,-0.2569521290998379,0.8670447167256607
0.26599144715150924,-0.3998470492358047,-0.4667566436675863,0.956987320156833
0.5887861281484711,-0.0450807325799788,-0.4224057510838875,0.8016713168664449
0.3798211237342008,0.11173135282654212,-0.783720338935727,0.4692144985276008
0.3807090201427117,-0.019589729429234204,-0.8152432231148248,0.3842337509204188
0.34797134678808167,0.034080991517847936,-0.7819167557158382,0.42227279783413296
0.48295555877891194,-0.09766256639897003,-0.1850544574900418,0.2566408213791276
0.40070478595137166,-0.5259896096535989,-0.842746318173337,0.5355500083901416
0.5426323389371156,-0.05315169545762577,-0.403189173068457,0.9155078121094068
0.3241602300957363,0.32306235635336,-0.6695273140180208,0.8249549908768411
0.2233824070207775,0.0973840363988846,-0.7655090355862697,0.8108897304627096
0.3379531369868213,-0.00019093669648961864,-0.392243920479341,1.1417563639669204
0.3728400569425149,-0.09188789733666763,-0.8801087553377416,1.1713247101316075
0.26082646601896625,-0.12377279702620902,-0.4593989213667115,0.5147513222587786
0.46488554391941084,-0.37248450546465206,-0.5351570897794157,0.7481066731211286
0.41199605313232124,0.06445762407663258,-0.18205098366213823,0.2615626386256932
0.2381327040797524,-0.03970713443151008,-0.0635863891989128,1.007392141408702
0.3351652664181295,0.00881112165645781,-0.482349045544413,0.728754366623924
0.5600909255616107,0.10067771558458993,-0.7317309953631266,0.46489782382309663
0.24186244937521012,-0.3597622060615376,-0.3611929033626452,0.5583201728998086
0.5765517437931498,-0.2268046697017041,-0.8649469425824781,0.971073999521439
0.39315693235535737,-0.40877209216236055,-0.08712407239941167,0.7417850355457398
0.4331304547376126,0.06936258306301324,-0.7923000628059617,0.7793242284052093
0.23647506515361957,0.006932829335606128,-0.19792600877940236,0.44545722968674484
0.6155940817202807,-0.5024523357383456,-0.4532762055020214,0.40090925284498824
0.4592630482980157,0.11884959226200054,-0.7292158416936074,0.5884640355997754
0.42928269364724425,0.31216289624323734,-0.28086907487369084,0.7058219472924758
0.275513546412603,-0.01037848866036295,-0.839015817824317,1.0262019840797854
0.2527099084189765,-0.39343634934376714,-0.5911066367403618,1.1125380818852693
0.23997651784612872,-0.10951269371900962,-0.8515154722173185,0.6390350811816148
0.3456513518602396,0.21328790365395278,-0.1025083518377552,0.36455305196326865
0.43500900501245043,-0.4160782165727914,-0.37444514514620475,1.0794606110459348
0.36944929100149526,0.19345068348190797,-0.10577537122510439,0.6126136877413595
0.5673310900280345,-0.15539201564955196,-0.5705224555274755,0.8864952219610809
0.5704677698992605,-0.4278852422505468,-0.23570578141415333,0.6706146853268978
0.22483967904948426,0.16048585704273066,-0.23260956382060327,0.7849728964926623
0.4296184598363716,0.13757684064483555,-0.4564798560768638,0.27327665500442333
0.5326674070287892,-0.1378058243746937,-0.7248062278652152,0.38203759981465013
0.1616490575835117,0.2948377086517474,-0.2663426137016267,0.9695756060752849
0.6088672587256047,0.14820007109887978,-0.6276715470303496,1.1297783307300844
0.41199968337973547,0.28508246047857844,-0.3900586027634163,0.7908603219070762
0.532423405612404,0.3097505063937588,-0.40406296742099884,0.2878217910317363
0.4791377271308104,0.23395658428926003,-0.7367225685695861,1.1425074282163283
0.6026147036448171,-0.39930587430584713,-0.2336775661705066,0.3056648153358562
0.3305510625857069,0.3426524111757646,-0.11296556419958759,0.6149483106176378
0.5718940198156915,0.33428539576362726,-0.36171389213526184,0.9788047571431955
0.4434019591276982,-0.2105550133703416,-0.5206343057370244,0.3953439391815014
0.4935860468956229,0.317453168486886,-0.1718312814553259,1.186341912368374
0.20571048483689672,0.3335530611128261,-0.17532717452470503,0.5994344732349801
0.422140926012184,-0.35945480216714204,-0.5923820956601855,0.5363781911654587
0.19100642089783176,-0.25619262449943925,-0.07793289922476443,1.1442428922242744
0.4142283637787225,-0.4802170652674034,-0.6236255661766154,0.9332911086379689
